round,childid,s_math,sibid,yc
4,IN010083,372.6858521,10,1
5,IN010083,451.3803406,10,1
5,IN020043,482.3068237,10,1
5,IN040056,253.8622437,10,1
4,IN040082,408.6535645,10,1
5,IN040082,478.1060486,10,1
4,IN050004,413.7800293,10,1
5,IN050004,454.0209656,10,1
4,IN050030,617.6411133,10,1
4,IN060016,529.635498,10,1
5,IN060016,543.1239014,10,1
4,IN060025,443.2722473,10,1
5,IN060025,591.4402466,10,1
5,IN070068,389.4470215,10,1
4,IN080054,468.4425354,10,1
5,IN080054,469.7795105,10,1
4,IN080078,378.5055237,10,1
5,IN080078,601.1516113,10,1
4,IN110024,444.6999207,10,1
4,IN120062,452.1690063,10,1
5,IN120062,541.0703125,10,1
4,IN130045,682.3718262,10,1
5,IN130045,464.9634094,10,1
4,IN130094,346.2323608,10,1
5,IN130094,424.1641846,10,1
4,IN170002,442.1221619,10,1
5,IN170002,370.2216797,10,1
4,IN170036,204.3047791,10,1
5,IN170036,289.0343018,10,1
4,IN170056,231.5464172,10,1
5,IN170056,275.0333557,10,1
4,IN170087,209.4134369,10,1
5,IN170087,264.7233276,10,1
5,IN180015,368.1026917,10,1
5,IN180062,225.0826263,10,1
4,IN190018,408.6445618,10,1
5,IN190018,481.9707947,10,1
4,IN190087,480.9890137,10,1
5,IN190087,418.4964294,10,1
4,IN190093,492.3076172,10,1
5,IN190093,255.3551483,10,1
4,IN200062,346.0551453,10,1
5,IN200062,480.46875,10,1
4,IN030074,672.6303711,11,1
5,IN030074,712.9249268,11,1
4,IN030092,405.1942139,11,1
5,IN030092,459.5508728,11,1
4,IN050080,470.9373779,11,1
5,IN050080,548.987915,11,1
5,IN050091,602.1497803,11,1
4,IN060047,393.2904968,11,1
5,IN060047,440.2909241,11,1
5,IN090030,502.3531189,11,1
4,IN090051,191.9783325,11,1
5,IN090051,395.880127,11,1
4,IN100036,288.421875,11,1
5,IN100036,314.2019348,11,1
4,IN100080,536.7260132,11,1
5,IN100080,449.2623291,11,1
4,IN110040,440.9324646,11,1
5,IN110040,397.9780884,11,1
4,IN110073,446.2102966,11,1
5,IN110073,472.7304993,11,1
4,IN120054,482.544281,11,1
5,IN120054,438.8998108,11,1
4,IN130090,447.0715637,11,1
5,IN130090,587.0066528,11,1
4,IN160021,293.1911316,11,1
5,IN160021,211.1856384,11,1
5,IN170021,424.0254211,11,1
4,IN170048,347.8739319,11,1
5,IN170048,321.4584961,11,1
4,IN170054,397.6151428,11,1
4,IN170074,445.6550903,11,1
5,IN170074,594.005249,11,1
4,IN170095,385.1027222,11,1
5,IN170095,368.4338379,11,1
4,IN170097,193.2958984,11,1
5,IN180002,237.6858368,11,1
4,IN180004,456.9881897,11,1
5,IN180004,504.4796448,11,1
4,IN190016,401.7688293,11,1
5,IN190016,313.0258789,11,1
5,IN190051,262.8647156,11,1
4,IN190073,301.6713257,11,1
5,IN190073,240.2633514,11,1
4,IN200088,375.7728577,11,1
5,IN200088,396.7290344,11,1
4,IN010079,196.7939453,12,1
4,IN040044,460.8504333,12,1
5,IN040044,417.9849243,12,1
4,IN050051,415.8283691,12,1
5,IN050051,464.7184448,12,1
4,IN050094,624.6033936,12,1
5,IN050094,689.6935425,12,1
4,IN070082,377.4463501,12,1
5,IN070082,495.183075,12,1
4,IN090030,204.4287567,12,1
4,IN120057,471.4933472,12,1
5,IN120057,521.480896,12,1
5,IN170052,350.5174255,12,1
4,IN180068,340.6248474,12,1
5,IN180068,445.4570313,12,1
5,IN180100,525.1278687,12,1
4,IN190004,388.5361328,12,1
5,IN190004,543.4667358,12,1
4,IN190006,468.6367798,12,1
5,IN190006,331.052124,12,1
4,IN190061,488.485321,12,1
5,IN190061,521.2319336,12,1
5,IN190072,357.5772705,12,1
5,IN200038,749.3869019,12,1
4,IN010087,485.3959656,13,1
5,IN010087,535.621582,13,1
4,IN070066,406.6444092,13,1
5,IN070066,489.1791687,13,1
5,IN090024,251.7406311,13,1
4,IN110044,460.6650696,13,1
5,IN110044,621.8179932,13,1
4,IN110086,438.8786926,13,1
5,IN110086,371.9631958,13,1
4,IN110097,386.8062744,13,1
5,IN110097,409.5183716,13,1
5,IN130038,405.0031128,13,1
4,IN130086,203.3804779,13,1
5,IN130086,222.9484711,13,1
4,IN160037,266.2250061,13,1
5,IN160037,304.8111877,13,1
5,IN190070,258.8319092,13,1
4,IN190082,255.0720978,13,1
5,IN190082,393.8580933,13,1
4,IN200038,420.1264648,13,1
4,IN120056,475.8681946,14,1
5,IN120056,523.9962769,14,1
4,IN130015,429.9926147,14,1
5,IN130015,560.0604248,14,1
4,IN170022,443.8955994,14,1
5,IN170022,457.8978882,14,1
4,IN200094,204.0505371,14,1
4,IN180045,471.2272034,15,1
5,IN180045,411.2294312,15,1
4,IN200100,197.3901062,15,1
5,IN200100,400.3381653,15,1
4,IN120052,335.3849182,16,1
5,IN120052,515.2242432,16,1
4,IN180001,329.6435242,16,1
5,IN180001,537.2983398,16,1
4,IN180081,514.7191162,16,1
5,IN180081,535.0806885,16,1
4,IN200065,348.4387512,16,1
5,IN200065,470.4768677,16,1
4,IN050100,606.65979,17,1
4,IN190098,434.2864685,17,1
5,IN190098,390.7783508,17,1
5,IN200083,533.590271,18,1
4,IN130072,451.9162903,27,1
5,IN130072,408.130188,27,1
4,IN010007,628.8704224,28,1
5,IN010007,847.7804565,28,1
4,IN010028,463.8900757,28,1
5,IN010028,567.9667969,28,1
4,IN010033,355.5907898,28,1
5,IN010033,396.3972778,28,1
4,IN010037,506.8821716,28,1
5,IN010037,485.2084656,28,1
4,IN010040,555.0003662,28,1
5,IN010040,622.5180664,28,1
4,IN010042,488.9943237,28,1
5,IN010042,487.7344971,28,1
4,IN010044,691.2640991,28,1
5,IN010044,637.8678589,28,1
5,IN010049,497.2567444,28,1
4,IN010057,535.5545044,28,1
5,IN010057,550.0946045,28,1
5,IN020007,251.7944794,28,1
4,IN020027,504.2853699,28,1
5,IN020027,428.1135864,28,1
4,IN020035,591.5855103,28,1
5,IN020035,581.5184937,28,1
4,IN020045,541.8564453,28,1
5,IN020045,457.4143677,28,1
4,IN020049,521.7340088,28,1
5,IN020049,560.2686157,28,1
4,IN020053,482.0819092,28,1
5,IN020053,562.7111816,28,1
4,IN020057,532.3362427,28,1
5,IN020057,447.9253845,28,1
4,IN020058,447.188324,28,1
5,IN020058,466.1460876,28,1
4,IN020062,490.4720764,28,1
5,IN020062,580.3173828,28,1
4,IN020063,313.1824341,28,1
5,IN020063,464.0722961,28,1
4,IN020064,406.5374451,28,1
5,IN020064,463.7516785,28,1
4,IN020067,559.6546631,28,1
5,IN020067,675.6324463,28,1
4,IN020068,493.7843628,28,1
5,IN020068,638.40271,28,1
4,IN020070,476.6746521,28,1
5,IN020070,572.7138672,28,1
4,IN020073,551.126709,28,1
5,IN020073,472.6716309,28,1
4,IN020078,475.7755127,28,1
5,IN020078,384.5298462,28,1
4,IN020079,430.9468384,28,1
5,IN020079,475.2156982,28,1
4,IN020084,501.7184143,28,1
5,IN020084,429.3295898,28,1
4,IN020085,424.6329651,28,1
5,IN020085,412.2570496,28,1
4,IN020090,594.5037231,28,1
5,IN020090,545.2635498,28,1
4,IN020091,498.315033,28,1
5,IN020091,523.3243408,28,1
4,IN020096,639.0827637,28,1
5,IN020096,587.8657837,28,1
4,IN020098,459.342804,28,1
5,IN020098,512.68396,28,1
4,IN030006,564.0194702,28,1
5,IN030006,503.8482971,28,1
4,IN030014,516.1303711,28,1
5,IN030014,544.5319214,28,1
4,IN030029,682.6636353,28,1
5,IN030029,771.9557495,28,1
4,IN030030,442.3834229,28,1
5,IN030030,251.2158661,28,1
4,IN030053,465.6830444,28,1
5,IN030053,537.6204834,28,1
5,IN030056,496.0887146,28,1
4,IN030063,560.9747314,28,1
5,IN030063,564.741272,28,1
4,IN030068,725.0183716,28,1
5,IN030068,656.411377,28,1
4,IN030070,448.1775208,28,1
5,IN030070,518.1578369,28,1
4,IN030072,512.2226563,28,1
5,IN030072,236.0313721,28,1
4,IN030080,521.5516357,28,1
5,IN030080,505.0742798,28,1
4,IN030082,570.7504272,28,1
5,IN030082,728.1920166,28,1
4,IN030086,606.2364502,28,1
5,IN030086,676.7058105,28,1
4,IN030087,522.6566772,28,1
5,IN030087,534.3895874,28,1
4,IN030090,530.7360229,28,1
4,IN030097,498.2251282,28,1
5,IN030097,443.2504272,28,1
4,IN050064,608.6661987,28,1
5,IN050064,519.5110474,28,1
4,IN050065,565.3808594,28,1
4,IN050071,420.5159607,28,1
4,IN050072,511.1126404,28,1
5,IN050072,473.2190552,28,1
4,IN050073,454.2356567,28,1
4,IN050074,398.5516968,28,1
5,IN050074,595.7561035,28,1
4,IN050076,561.8441162,28,1
4,IN050079,517.9341431,28,1
5,IN050079,533.6257324,28,1
4,IN050089,409.8015442,28,1
5,IN050089,599.772644,28,1
4,IN060051,595.0785522,28,1
5,IN060051,690.4061279,28,1
4,IN060057,645.1332397,28,1
5,IN060057,630.1604004,28,1
4,IN060061,451.9909668,28,1
5,IN060061,523.7180176,28,1
4,IN060070,466.464447,28,1
5,IN060070,430.077301,28,1
4,IN060082,417.5919189,28,1
5,IN060082,550.5220337,28,1
4,IN060083,354.4441833,28,1
5,IN060083,431.4485779,28,1
4,IN060089,496.9554138,28,1
5,IN060089,505.7697754,28,1
4,IN070007,524.6484375,28,1
5,IN070007,465.4022522,28,1
4,IN070008,655.1715088,28,1
5,IN070008,777.496521,28,1
4,IN070009,678.7022095,28,1
4,IN070011,569.296875,28,1
4,IN070012,426.1795959,28,1
5,IN070012,555.0822754,28,1
4,IN070013,390.4693909,28,1
5,IN070013,354.0858459,28,1
4,IN070014,545.9728394,28,1
5,IN070014,548.557251,28,1
4,IN070023,388.0717163,28,1
4,IN070025,476.3510132,28,1
5,IN070025,474.1606445,28,1
4,IN070027,370.0030212,28,1
5,IN070027,448.6535645,28,1
4,IN070031,338.9836426,28,1
5,IN070031,237.6733246,28,1
4,IN070032,430.5128784,28,1
4,IN070036,429.274231,28,1
5,IN070036,540.2236938,28,1
4,IN070039,384.36203,28,1
4,IN070041,434.1249084,28,1
5,IN070041,534.6004028,28,1
4,IN070075,386.9918823,28,1
4,IN070077,404.4479065,28,1
5,IN070077,481.0991211,28,1
4,IN070081,526.282959,28,1
5,IN070081,568.2337036,28,1
4,IN070083,516.7106323,28,1
5,IN070083,463.973999,28,1
4,IN070084,402.0742798,28,1
5,IN070084,418.6869202,28,1
4,IN070087,535.2525024,28,1
5,IN070087,552.5216675,28,1
4,IN070091,429.7000427,28,1
5,IN070091,463.3517761,28,1
4,IN070096,694.4152222,28,1
5,IN070096,658.3977661,28,1
4,IN080003,386.8527222,28,1
5,IN080003,535.427124,28,1
4,IN080004,548.4454956,28,1
5,IN080004,641.8017578,28,1
4,IN080016,575.2613525,28,1
5,IN080016,567.8762207,28,1
4,IN080020,193.4173889,28,1
5,IN080020,468.3440857,28,1
4,IN080032,278.8670654,28,1
5,IN080032,433.6913147,28,1
4,IN080043,342.7210388,28,1
4,IN080044,438.4325867,28,1
4,IN080045,416.9337769,28,1
5,IN080045,423.2894897,28,1
5,IN080047,456.1290588,28,1
4,IN080052,685.671936,28,1
4,IN080057,493.7982788,28,1
5,IN080057,499.6846924,28,1
4,IN080060,468.7051697,28,1
4,IN080061,382.1965637,28,1
5,IN080061,435.244812,28,1
4,IN080071,251.4838715,28,1
5,IN080071,277.9728088,28,1
5,IN080075,225.2792511,28,1
4,IN080081,506.5541687,28,1
4,IN080086,555.3907471,28,1
5,IN080086,224.8246155,28,1
4,IN080087,639.4321899,28,1
4,IN080089,503.5438232,28,1
5,IN080089,269.3085022,28,1
4,IN080092,370.2461243,28,1
5,IN080092,692.177063,28,1
4,IN080094,624.1825562,28,1
5,IN080094,348.3152771,28,1
4,IN080095,368.5593262,28,1
5,IN080095,375.3345032,28,1
4,IN080096,640.7334595,28,1
5,IN080096,639.0076294,28,1
4,IN080097,494.1580811,28,1
5,IN080097,422.4185486,28,1
4,IN080100,626.2277832,28,1
5,IN080100,618.5829468,28,1
4,IN090003,550.0197144,28,1
5,IN090003,603.9345093,28,1
4,IN090004,591.0357056,28,1
5,IN090006,588.2853394,28,1
4,IN090007,661.4699707,28,1
5,IN090015,649.0245361,28,1
4,IN090035,396.5502014,28,1
5,IN090035,419.1205139,28,1
4,IN090043,515.2212524,28,1
5,IN090043,218.9331665,28,1
4,IN090046,572.6696777,28,1
5,IN090046,581.5961304,28,1
4,IN090060,371.0687256,28,1
5,IN090060,227.2543335,28,1
4,IN090076,521.036438,28,1
5,IN090076,560.3858032,28,1
4,IN090095,458.6381836,28,1
5,IN090095,509.1339111,28,1
4,IN090096,479.7815552,28,1
5,IN090096,233.4689026,28,1
4,IN090097,504.9368896,28,1
5,IN090097,486.4990845,28,1
4,IN090098,425.2782288,28,1
4,IN100061,493.8423462,28,1
5,IN100061,595.4054565,28,1
4,IN100065,515.8311768,28,1
5,IN100065,580.2960815,28,1
4,IN110022,515.3084106,28,1
5,IN110022,516.8692017,28,1
4,IN110029,616.8596191,28,1
5,IN110029,626.0111084,28,1
4,IN110038,280.2772827,28,1
4,IN110048,591.7833862,28,1
5,IN110048,383.6481323,28,1
4,IN110052,606.0636597,28,1
4,IN110057,575.9376221,28,1
4,IN110066,354.3553772,28,1
5,IN110066,402.9423523,28,1
4,IN110072,341.6523438,28,1
5,IN110072,472.3442383,28,1
4,IN110075,424.4205627,28,1
5,IN110075,489.223999,28,1
4,IN110076,382.291748,28,1
4,IN110080,360.4971924,28,1
4,IN110088,558.9214478,28,1
5,IN110088,481.6679688,28,1
4,IN110092,527.5489502,28,1
5,IN110092,652.4061279,28,1
5,IN110093,230.3941803,28,1
4,IN110095,583.7089844,28,1
4,IN110096,491.500824,28,1
4,IN110103,361.3244019,28,1
5,IN110103,209.5411835,28,1
4,IN120012,728.8044434,28,1
4,IN120026,544.6298218,28,1
5,IN120026,544.0233154,28,1
4,IN120032,692.9749146,28,1
5,IN120032,641.6051636,28,1
4,IN120089,506.5245972,28,1
5,IN120089,507.9201965,28,1
4,IN130004,476.9296265,28,1
5,IN130004,498.6429138,28,1
4,IN130010,509.7468567,28,1
5,IN130010,605.5162964,28,1
4,IN130011,361.0143127,28,1
5,IN130011,345.1372375,28,1
4,IN130013,574.1040649,28,1
4,IN130016,503.7379456,28,1
4,IN130018,361.692749,28,1
5,IN130018,375.4470825,28,1
4,IN130020,620.4465942,28,1
5,IN130020,444.5840454,28,1
4,IN130022,581.1452637,28,1
5,IN130022,629.1472168,28,1
4,IN130037,417.7423401,28,1
5,IN130037,439.859436,28,1
4,IN130040,332.688446,28,1
5,IN130040,497.4062805,28,1
5,IN130041,461.754303,28,1
5,IN130042,242.5878601,28,1
4,IN130046,494.3520813,28,1
5,IN130046,542.1210938,28,1
4,IN130047,366.3982544,28,1
4,IN130048,462.9865723,28,1
5,IN130048,407.9613342,28,1
4,IN130050,457.3930359,28,1
5,IN130050,474.4624634,28,1
4,IN130051,506.4537048,28,1
5,IN130051,479.5165405,28,1
4,IN130057,539.9470215,28,1
5,IN130057,391.7027893,28,1
4,IN130062,418.7530518,28,1
5,IN130062,456.7123718,28,1
4,IN130063,445.6434937,28,1
4,IN130065,485.5962219,28,1
5,IN130065,424.2013855,28,1
4,IN130071,423.6033325,28,1
5,IN130071,507.7592468,28,1
4,IN130074,523.7003174,28,1
4,IN130078,450.098999,28,1
5,IN130078,548.6923828,28,1
4,IN130082,462.3404236,28,1
5,IN130082,407.197876,28,1
4,IN130091,663.5853271,28,1
4,IN140005,499.2035217,28,1
5,IN140005,340.9468384,28,1
5,IN140007,370.7055054,28,1
5,IN140008,337.8135071,28,1
5,IN140009,640.6195068,28,1
4,IN140012,559.508606,28,1
5,IN140012,483.1996765,28,1
4,IN140024,471.7059937,28,1
5,IN140024,240.5589142,28,1
4,IN140030,571.3442383,28,1
5,IN140030,501.0849304,28,1
4,IN140032,522.4941406,28,1
5,IN140032,410.5960999,28,1
4,IN140033,552.5491333,28,1
5,IN140033,398.716156,28,1
4,IN140035,386.0957642,28,1
5,IN140035,510.4766541,28,1
4,IN140043,376.7516174,28,1
5,IN140043,473.4277039,28,1
4,IN140048,519.5213623,28,1
5,IN140048,647.5980225,28,1
4,IN140050,303.893158,28,1
5,IN140050,517.6468506,28,1
4,IN140061,621.1241455,28,1
5,IN140061,566.5133667,28,1
4,IN140066,606.49823,28,1
5,IN140066,668.4898682,28,1
4,IN140074,604.416687,28,1
5,IN140074,752.6607666,28,1
4,IN140075,628.6938477,28,1
5,IN140075,653.1525879,28,1
4,IN140080,611.2537231,28,1
5,IN140080,701.0856323,28,1
4,IN140081,619.6938477,28,1
5,IN140081,719.4938965,28,1
4,IN140091,436.3683167,28,1
5,IN140091,552.5054932,28,1
4,IN140093,628.3394165,28,1
5,IN140093,639.5949707,28,1
4,IN140095,407.3154602,28,1
5,IN140095,526.6713257,28,1
5,IN140099,475.7131653,28,1
4,IN150016,560.0831299,28,1
5,IN150016,211.5200195,28,1
4,IN150075,507.1887817,28,1
5,IN150075,491.7850952,28,1
4,IN150080,536.9981689,28,1
5,IN150080,583.4171753,28,1
4,IN150081,530.8135376,28,1
5,IN150081,606.1325073,28,1
4,IN150084,591.770874,28,1
5,IN150084,633.6334229,28,1
4,IN150088,382.3022766,28,1
5,IN150088,459.6307983,28,1
5,IN160005,582.7408447,28,1
4,IN160061,307.5502625,28,1
5,IN160061,400.2826843,28,1
4,IN160063,465.9699707,28,1
5,IN160063,406.7949524,28,1
4,IN160064,196.4182129,28,1
4,IN160066,464.445282,28,1
5,IN160066,298.0568237,28,1
4,IN160068,484.4506226,28,1
5,IN160068,436.7962952,28,1
5,IN160069,510.8978577,28,1
4,IN160081,514.4533691,28,1
5,IN160081,442.5555115,28,1
4,IN160082,579.5546875,28,1
5,IN160082,742.7490234,28,1
4,IN160083,452.0896301,28,1
5,IN160083,441.2965393,28,1
4,IN160084,457.5266724,28,1
5,IN160084,465.0122375,28,1
4,IN160086,412.6755066,28,1
5,IN160086,376.8764954,28,1
4,IN160087,461.8637695,28,1
5,IN160087,446.9579163,28,1
4,IN160095,554.9447632,28,1
4,IN160097,560.9085693,28,1
5,IN160097,583.1253662,28,1
4,IN170057,407.0274048,28,1
5,IN170057,441.7529602,28,1
4,IN170059,424.2410889,28,1
5,IN170059,470.6647339,28,1
4,IN170072,480.84375,28,1
5,IN170072,544.8252563,28,1
4,IN170073,342.7055054,28,1
4,IN170076,199.8999634,28,1
5,IN170076,444.6279297,28,1
4,IN170083,504.2950134,28,1
5,IN170086,347.6568604,28,1
4,IN170093,491.3123169,28,1
5,IN170093,508.8690186,28,1
4,IN170098,581.9630737,28,1
5,IN170098,656.5830078,28,1
4,IN170099,588.7299805,28,1
5,IN170099,566.9918823,28,1
4,IN170100,501.9348145,28,1
5,IN170100,488.6827087,28,1
4,IN180052,463.009491,28,1
5,IN180052,516.307251,28,1
4,IN180054,287.1819458,28,1
5,IN180054,321.9043579,28,1
4,IN180057,514.3339233,28,1
5,IN180057,606.5934448,28,1
4,IN180058,207.1315155,28,1
4,IN180061,195.3461304,28,1
5,IN180061,359.1824951,28,1
5,IN180063,236.6112518,28,1
4,IN180065,506.3493958,28,1
5,IN180065,561.8828735,28,1
4,IN180067,352.6638489,28,1
5,IN180067,340.3235168,28,1
5,IN180070,367.3526306,28,1
4,IN180071,418.8719177,28,1
5,IN180071,413.777771,28,1
4,IN180072,425.2650757,28,1
5,IN180072,391.488739,28,1
4,IN180073,318.6517944,28,1
4,IN180074,403.7470398,28,1
5,IN180074,469.8431396,28,1
4,IN030058,548.1043701,29,1
5,IN030058,543.3933105,29,1
4,IN030065,537.1491699,29,1
5,IN030065,689.8876343,29,1
4,IN030069,399.1554871,29,1
5,IN030069,405.9257813,29,1
4,IN030098,346.0153198,29,1
5,IN030098,439.2754822,29,1
5,IN060098,454.4170227,29,1
4,IN070002,540.4052734,29,1
5,IN070002,490.5128784,29,1
4,IN070005,535.7161865,29,1
5,IN070005,634.711731,29,1
4,IN070010,501.5140076,29,1
4,IN070021,343.2290344,29,1
5,IN070021,557.4747925,29,1
5,IN070023,463.78125,29,1
4,IN070026,317.6561279,29,1
5,IN070026,466.139801,29,1
4,IN070028,325.6451416,29,1
5,IN070028,470.1335754,29,1
4,IN080050,485.1086426,29,1
5,IN080050,629.5141602,29,1
4,IN080056,487.1567383,29,1
5,IN080056,473.1902466,29,1
4,IN080059,285.8931885,29,1
5,IN080059,597.5421143,29,1
4,IN090010,517.854248,29,1
5,IN090010,618.100769,29,1
4,IN090017,543.498291,29,1
5,IN090017,472.0887451,29,1
5,IN090032,447.2012329,29,1
4,IN090037,251.7080688,29,1
5,IN090037,451.4138184,29,1
5,IN090049,315.7950134,29,1
4,IN090085,197.1083069,29,1
4,IN090090,338.4889526,29,1
5,IN090090,355.3286438,29,1
4,IN090094,196.9104309,29,1
4,IN110051,513.0308838,29,1
5,IN110051,593.0471191,29,1
4,IN110059,616.2384033,29,1
5,IN110087,392.2684937,29,1
4,IN110094,516.3052368,29,1
5,IN110094,467.8398743,29,1
4,IN120087,584.7509766,29,1
5,IN120087,528.0598145,29,1
4,IN130052,528.8917847,29,1
5,IN130052,508.3673096,29,1
4,IN140002,330.6268005,29,1
5,IN140002,592.9230957,29,1
4,IN140004,567.6618042,29,1
5,IN140004,531.0664063,29,1
4,IN140018,351.9550781,29,1
5,IN140018,311.2975159,29,1
4,IN140028,423.9283447,29,1
5,IN140028,391.0829468,29,1
4,IN140029,349.9917908,29,1
5,IN140029,456.5282288,29,1
4,IN140038,552.046875,29,1
5,IN140038,504.9045715,29,1
5,IN140040,245.0989838,29,1
4,IN140063,245.3219147,29,1
5,IN140063,515.0168457,29,1
4,IN150086,541.1096191,29,1
5,IN150086,478.7451782,29,1
4,IN150092,389.5487061,29,1
5,IN150092,527.6021729,29,1
4,IN150099,506.3277283,29,1
5,IN150099,395.4921265,29,1
4,IN160003,249.6603394,29,1
5,IN160003,422.3878479,29,1
4,IN160004,379.210144,29,1
5,IN160004,400.6462708,29,1
4,IN160059,298.9009399,29,1
5,IN160059,524.9328613,29,1
4,IN160060,197.7320099,29,1
5,IN160060,226.540451,29,1
4,IN160074,244.8885651,29,1
5,IN160074,450.0703125,29,1
4,IN160088,413.9424744,29,1
5,IN160088,489.4345398,29,1
4,IN160089,631.3740234,29,1
5,IN160089,735.401001,29,1
4,IN160099,295.4254456,29,1
5,IN160099,351.0710144,29,1
4,IN160100,278.1093445,29,1
5,IN160100,517.024231,29,1
4,IN170069,577.8112793,29,1
5,IN170069,665.7896118,29,1
4,IN180064,330.2861328,29,1
5,IN180064,484.6294556,29,1
4,IN180066,392.1075745,29,1
5,IN180066,448.8291931,29,1
4,IN010024,426.3687134,2,1
5,IN010024,482.0464478,2,1
4,IN150030,476.6290588,2,1
5,IN150030,546.6904907,2,1
4,IN200034,559.1442871,2,1
5,IN200034,702.3505859,2,1
4,IN030008,467.1929932,30,1
5,IN030008,629.3425903,30,1
4,IN090049,249.871994,30,1
4,IN090088,203.1976166,30,1
5,IN090088,522.1967773,30,1
4,IN100064,412.0422668,30,1
5,IN100064,320.0958557,30,1
4,IN140023,523.5690918,30,1
5,IN140023,565.2507935,30,1
4,IN140052,318.9812012,30,1
5,IN140052,369.4650879,30,1
4,IN140064,350.0863342,30,1
5,IN140064,454.5675354,30,1
4,IN140070,385.3382874,30,1
5,IN140070,577.3892212,30,1
4,IN170062,405.7400208,30,1
4,IN170078,379.3039551,30,1
5,IN170078,392.6437378,30,1
4,IN100063,373.171936,31,1
5,IN100063,342.006897,31,1
5,IN160095,455.4158325,33,1
5,IN070080,526.7358398,34,1
4,IN010001,335.7597656,3,1
5,IN010001,565.5578613,3,1
4,IN010012,423.0471497,3,1
5,IN010012,564.0509033,3,1
4,IN010013,340.3564453,3,1
5,IN010013,478.4341736,3,1
4,IN010017,557.6082764,3,1
5,IN010017,507.6534119,3,1
4,IN010018,481.7282104,3,1
5,IN010018,514.6593018,3,1
4,IN010027,562.6578369,3,1
5,IN010027,629.9500122,3,1
4,IN010029,540.9192505,3,1
5,IN010029,579.5759277,3,1
4,IN010031,453.6164551,3,1
5,IN010031,543.2213745,3,1
4,IN010032,604.973999,3,1
5,IN010032,771.3708496,3,1
5,IN010035,464.4481506,3,1
4,IN010046,574.2280884,3,1
5,IN010046,611.7935181,3,1
4,IN010050,588.017334,3,1
5,IN010050,781.9940186,3,1
4,IN010052,525.7869873,3,1
5,IN010052,589.7469482,3,1
4,IN010053,345.6859131,3,1
4,IN010056,534.3769531,3,1
5,IN010056,630.2856445,3,1
4,IN010062,512.9414673,3,1
5,IN010062,480.1212158,3,1
4,IN010065,488.634613,3,1
5,IN010065,478.5038147,3,1
4,IN010068,379.6637878,3,1
5,IN010068,452.5749512,3,1
4,IN010071,544.1176147,3,1
5,IN010071,597.7199097,3,1
5,IN010074,611.4315796,3,1
4,IN010076,533.112854,3,1
5,IN010076,594.8806763,3,1
4,IN010080,487.6683655,3,1
5,IN010080,591.4227295,3,1
4,IN010082,364.5397949,3,1
5,IN010082,322.9841003,3,1
4,IN010085,449.3337402,3,1
5,IN010085,563.4002686,3,1
4,IN010089,632.913269,3,1
5,IN010089,520.06427,3,1
4,IN010091,432.2104187,3,1
5,IN010091,479.5909424,3,1
4,IN010096,465.4255676,3,1
5,IN010096,539.7030029,3,1
4,IN010098,508.941803,3,1
5,IN010098,461.9949036,3,1
4,IN020005,463.762207,3,1
4,IN020006,420.6982117,3,1
5,IN020006,387.8002014,3,1
5,IN020019,422.1375122,3,1
4,IN020023,543.7017822,3,1
5,IN020023,510.2897949,3,1
4,IN020024,588.7099609,3,1
5,IN020024,588.1275635,3,1
4,IN020025,535.4230957,3,1
5,IN020025,500.5391235,3,1
4,IN020029,359.5492249,3,1
5,IN020029,460.5022888,3,1
4,IN020030,483.3930664,3,1
5,IN020030,470.503418,3,1
4,IN020034,502.2822571,3,1
4,IN020036,511.0716858,3,1
5,IN020036,405.978241,3,1
4,IN020040,469.6521301,3,1
5,IN020040,585.5124512,3,1
4,IN020041,497.9781494,3,1
5,IN020041,455.5295105,3,1
4,IN020042,563.086792,3,1
4,IN020046,445.305481,3,1
5,IN020046,458.0101013,3,1
4,IN020047,472.3294678,3,1
5,IN020047,533.9576416,3,1
4,IN020050,357.225708,3,1
5,IN020050,503.1343994,3,1
4,IN020054,533.5582275,3,1
5,IN020054,500.8206482,3,1
4,IN020059,410.5140381,3,1
5,IN020059,441.8145447,3,1
5,IN020060,411.5379028,3,1
4,IN020065,402.8712158,3,1
5,IN020065,501.3515625,3,1
4,IN020069,336.1957397,3,1
5,IN020069,354.3688965,3,1
4,IN020072,595.6233521,3,1
5,IN020072,585.7855225,3,1
4,IN020081,410.2461548,3,1
5,IN020081,567.4039307,3,1
4,IN020086,481.4838562,3,1
5,IN020086,447.1834717,3,1
4,IN020087,483.2137146,3,1
5,IN020087,484.8465271,3,1
4,IN020093,244.7908783,3,1
5,IN020093,327.7991943,3,1
5,IN020099,318.3875427,3,1
4,IN030007,364.7659607,3,1
4,IN030015,474.7228699,3,1
5,IN030015,617.4044189,3,1
4,IN030017,548.5397949,3,1
5,IN030017,595.3140259,3,1
4,IN030022,484.4577637,3,1
5,IN030022,542.8468628,3,1
4,IN030036,454.959259,3,1
4,IN030038,565.6654663,3,1
5,IN030038,571.3482056,3,1
4,IN030039,556.5824585,3,1
5,IN030039,670.6866455,3,1
4,IN030042,439.4839172,3,1
5,IN030042,601.2668457,3,1
4,IN030051,692.2509766,3,1
4,IN030060,411.4697876,3,1
4,IN030061,345.8154297,3,1
5,IN030061,395.7407532,3,1
4,IN030066,382.8231506,3,1
5,IN030066,509.9586487,3,1
4,IN030073,363.1752625,3,1
5,IN030073,538.1921997,3,1
4,IN030076,361.3691406,3,1
5,IN030076,454.6707764,3,1
4,IN030079,275.8562012,3,1
5,IN030079,324.1343079,3,1
4,IN030083,529.4958496,3,1
5,IN030083,626.0236206,3,1
4,IN030091,622.425415,3,1
5,IN030091,707.6008301,3,1
4,IN030095,336.5752258,3,1
5,IN030095,489.6539612,3,1
4,IN030096,470.4793701,3,1
5,IN030096,567.0518799,3,1
4,IN040020,448.8120728,3,1
5,IN040020,461.3989868,3,1
4,IN040025,475.7538452,3,1
5,IN040025,406.0306091,3,1
4,IN040034,539.2138062,3,1
5,IN040034,402.7189026,3,1
4,IN040036,485.5682983,3,1
5,IN040036,570.09729,3,1
4,IN040059,652.972229,3,1
5,IN040059,609.2247925,3,1
4,IN040061,406.6107178,3,1
5,IN040061,484.7458191,3,1
4,IN040062,288.3905334,3,1
5,IN040062,485.4217529,3,1
4,IN040064,515.0387573,3,1
5,IN040064,653.718689,3,1
4,IN040071,560.7307129,3,1
5,IN040071,566.3500366,3,1
5,IN040074,471.4324646,3,1
4,IN040079,659.2681885,3,1
4,IN040083,391.5476074,3,1
5,IN040083,391.8153687,3,1
5,IN040084,279.4206238,3,1
5,IN040093,497.7174988,3,1
4,IN050002,512.3388672,3,1
5,IN050002,480.4294434,3,1
4,IN050006,517.1186523,3,1
5,IN050006,621.0753174,3,1
4,IN050009,262.4451599,3,1
5,IN050009,355.5905457,3,1
4,IN050015,642.6121216,3,1
4,IN050016,401.0629578,3,1
5,IN050016,418.4693604,3,1
4,IN050019,566.6138916,3,1
5,IN050019,510.1871033,3,1
4,IN050023,315.2739868,3,1
5,IN050023,564.8529663,3,1
4,IN050040,380.7928467,3,1
5,IN050040,459.3596497,3,1
4,IN050049,499.7255249,3,1
5,IN050049,536.288147,3,1
4,IN050050,250.058609,3,1
5,IN050050,550.8148804,3,1
4,IN050067,670.4937744,3,1
5,IN050067,686.3119507,3,1
4,IN050068,419.0942078,3,1
5,IN050068,473.6300964,3,1
4,IN050077,202.8218994,3,1
5,IN050077,477.3461914,3,1
4,IN050086,457.9569092,3,1
5,IN050086,436.4171448,3,1
4,IN050092,592.2418213,3,1
5,IN050096,578.1644897,3,1
4,IN060003,480.6920776,3,1
5,IN060003,525.3461304,3,1
4,IN060010,522.6990356,3,1
5,IN060010,451.3948669,3,1
4,IN060014,246.1109467,3,1
5,IN060014,461.206604,3,1
4,IN060015,457.8428955,3,1
5,IN060015,474.7775879,3,1
4,IN060019,479.7344666,3,1
5,IN060019,474.0967712,3,1
4,IN060022,561.324646,3,1
5,IN060022,571.1015015,3,1
4,IN060034,525.3114624,3,1
4,IN060035,449.1173706,3,1
5,IN060035,414.0797424,3,1
4,IN060038,485.6344299,3,1
5,IN060038,420.4242859,3,1
4,IN060039,518.4285889,3,1
4,IN060045,380.5856934,3,1
5,IN060045,421.860199,3,1
4,IN060067,384.6168823,3,1
4,IN060068,379.2690125,3,1
4,IN060084,468.5881958,3,1
5,IN060084,453.0010376,3,1
4,IN060097,472.3062744,3,1
5,IN060097,492.2634277,3,1
4,IN060099,304.8688049,3,1
5,IN060099,477.3126221,3,1
4,IN070017,497.8155823,3,1
5,IN070017,524.253418,3,1
4,IN070020,198.6525421,3,1
5,IN070020,437.2905579,3,1
4,IN070034,209.6276093,3,1
5,IN070034,476.6564941,3,1
4,IN070047,457.5862427,3,1
5,IN070047,487.2273865,3,1
4,IN070063,465.8640442,3,1
5,IN070063,445.6093445,3,1
5,IN070067,377.9810181,3,1
4,IN070094,496.1355591,3,1
5,IN070094,546.1235962,3,1
5,IN070097,223.9191132,3,1
4,IN070100,392.2080078,3,1
5,IN070100,510.6248169,3,1
4,IN080001,399.8609924,3,1
4,IN080005,468.838562,3,1
5,IN080005,584.4065552,3,1
4,IN080012,552.0623779,3,1
5,IN080012,581.1502686,3,1
5,IN080017,235.879837,3,1
5,IN080026,531.6517944,3,1
4,IN080027,451.8283997,3,1
5,IN080027,509.2539063,3,1
5,IN080046,248.4855652,3,1
4,IN080048,214.2841492,3,1
5,IN080048,422.5729675,3,1
4,IN080049,358.0722351,3,1
5,IN080049,363.1260376,3,1
5,IN080051,228.3001099,3,1
5,IN080062,395.4808655,3,1
4,IN080063,544.2125244,3,1
5,IN080063,500.5096741,3,1
4,IN080064,338.3436584,3,1
5,IN080064,375.8070374,3,1
4,IN080069,290.0249634,3,1
5,IN080069,447.3901062,3,1
4,IN080074,563.8391724,3,1
5,IN080074,502.2372742,3,1
4,IN080076,432.9749146,3,1
5,IN080076,492.9362183,3,1
4,IN080082,619.579895,3,1
5,IN080082,731.418335,3,1
4,IN080084,394.9309082,3,1
5,IN080084,462.039093,3,1
4,IN080099,200.6113586,3,1
5,IN080099,256.214325,3,1
4,IN090014,433.5416565,3,1
5,IN090014,205.7262726,3,1
5,IN090018,245.3657532,3,1
4,IN090033,474.9355164,3,1
5,IN090033,558.9038086,3,1
4,IN090038,256.9131775,3,1
5,IN090038,433.7574463,3,1
4,IN090044,487.8762817,3,1
5,IN090044,500.8892822,3,1
4,IN090045,242.2885284,3,1
5,IN090045,593.8486938,3,1
4,IN090050,411.8778381,3,1
5,IN090059,236.3807983,3,1
4,IN090061,189.5761719,3,1
5,IN090061,352.9387512,3,1
4,IN090066,358.4803772,3,1
5,IN090066,541.6218872,3,1
4,IN090068,265.0426941,3,1
5,IN090068,478.8101807,3,1
4,IN090078,195.4037323,3,1
4,IN090082,205.6661682,3,1
5,IN090082,464.9796753,3,1
4,IN100005,681.6904907,3,1
5,IN100005,433.3381348,3,1
4,IN100009,438.322937,3,1
5,IN100009,550.361084,3,1
4,IN100016,530.432251,3,1
5,IN100016,546.9056396,3,1
4,IN100021,334.9835205,3,1
5,IN100021,403.4593506,3,1
4,IN100032,526.6127319,3,1
4,IN100034,634.2558594,3,1
5,IN100034,580.1370239,3,1
4,IN100035,665.0844727,3,1
4,IN100037,474.6791382,3,1
5,IN100037,474.8559875,3,1
4,IN100039,392.9363098,3,1
5,IN100039,410.0317383,3,1
4,IN100042,203.5082245,3,1
5,IN100042,336.4921875,3,1
4,IN100044,604.1135864,3,1
5,IN100044,629.3438721,3,1
4,IN100050,402.0427246,3,1
5,IN100050,485.2819824,3,1
4,IN100052,554.0216064,3,1
5,IN100052,529.5487061,3,1
4,IN100069,375.0639648,3,1
5,IN100069,566.2435913,3,1
4,IN100070,547.6123657,3,1
5,IN100070,540.4683838,3,1
4,IN100071,627.8108521,3,1
5,IN100071,638.8372803,3,1
4,IN100072,628.5598145,3,1
5,IN100072,797.6118164,3,1
4,IN100074,572.5632324,3,1
5,IN100074,584.5731812,3,1
4,IN100075,532.1131592,3,1
5,IN100075,522.3851318,3,1
4,IN100082,531.3632202,3,1
5,IN100082,538.9904175,3,1
4,IN100083,185.8990173,3,1
5,IN100083,368.7290344,3,1
4,IN100084,482.6061707,3,1
5,IN100084,479.9626465,3,1
4,IN100093,424.5127258,3,1
4,IN100094,486.2135315,3,1
5,IN100094,556.652832,3,1
4,IN100097,392.2770081,3,1
5,IN100097,548.697876,3,1
4,IN100098,285.3659058,3,1
5,IN100098,455.1487122,3,1
4,IN110001,466.6946411,3,1
5,IN110001,522.576416,3,1
4,IN110002,584.5192871,3,1
5,IN110002,589.5916748,3,1
4,IN110011,553.8041382,3,1
5,IN110011,547.5887451,3,1
4,IN110015,495.5838623,3,1
5,IN110015,442.9484863,3,1
4,IN110030,519.0003052,3,1
5,IN110030,578.850769,3,1
4,IN110033,312.4772949,3,1
5,IN110033,219.8399353,3,1
5,IN110053,418.4266663,3,1
4,IN110060,577.4055176,3,1
5,IN110060,611.2399292,3,1
4,IN110063,528.2992554,3,1
5,IN110082,396.6993408,3,1
5,IN110084,255.4077454,3,1
4,IN120001,246.1435089,3,1
5,IN120001,329.9994507,3,1
4,IN120002,433.2895203,3,1
5,IN120002,480.5973816,3,1
4,IN120003,540.3943481,3,1
5,IN120003,522.0206909,3,1
4,IN120004,598.3962402,3,1
5,IN120016,366.5597229,3,1
5,IN120017,247.0953674,3,1
4,IN120019,198.4934845,3,1
5,IN120019,338.4685364,3,1
4,IN120024,551.567688,3,1
4,IN120041,500.6820068,3,1
5,IN120041,258.6953735,3,1
4,IN120045,484.9219055,3,1
5,IN120045,529.9135132,3,1
4,IN120050,407.4236755,3,1
5,IN120050,466.8948975,3,1
4,IN120063,405.4141541,3,1
5,IN120063,480.3659363,3,1
4,IN120068,545.2823486,3,1
5,IN120068,527.503479,3,1
4,IN120072,277.1887817,3,1
5,IN120072,486.5688477,3,1
4,IN120076,561.2884521,3,1
5,IN120076,498.9278564,3,1
4,IN120078,423.0256042,3,1
4,IN120079,441.3617859,3,1
5,IN120079,518.4372559,3,1
5,IN120080,240.1581421,3,1
4,IN120083,580.0042725,3,1
4,IN120092,524.1103516,3,1
4,IN120096,615.0134888,3,1
4,IN130007,512.1278687,3,1
5,IN130007,521.1020508,3,1
4,IN130029,329.7787781,3,1
5,IN130029,437.2961426,3,1
4,IN130055,528.090332,3,1
4,IN130058,382.098114,3,1
5,IN130058,328.5001831,3,1
4,IN130073,508.4030151,3,1
5,IN130073,485.4163818,3,1
4,IN130075,479.18927,3,1
5,IN130075,521.6774292,3,1
5,IN130088,500.9902344,3,1
4,IN130095,333.2537842,3,1
5,IN130095,380.987854,3,1
4,IN130101,588.2252808,3,1
5,IN130101,674.7106934,3,1
4,IN140006,387.5921631,3,1
5,IN140006,440.4925232,3,1
4,IN140013,389.8044739,3,1
5,IN140013,454.2468262,3,1
4,IN140014,505.5467224,3,1
5,IN140014,568.4870605,3,1
4,IN140016,503.0455933,3,1
5,IN140016,489.9811096,3,1
4,IN140020,545.9534302,3,1
5,IN140020,509.6618347,3,1
4,IN140021,307.7543945,3,1
5,IN140021,424.3451538,3,1
4,IN140031,358.7233582,3,1
5,IN140031,519.329834,3,1
4,IN140041,241.0774231,3,1
5,IN140041,357.1208801,3,1
4,IN140042,328.0136108,3,1
5,IN140042,359.6239929,3,1
4,IN140047,363.0676575,3,1
5,IN140047,495.4994507,3,1
4,IN140055,395.1781616,3,1
5,IN140055,380.5854492,3,1
4,IN140059,432.0588989,3,1
5,IN140059,547.9537964,3,1
4,IN140062,376.617218,3,1
5,IN140062,218.7628479,3,1
4,IN140067,501.3260193,3,1
5,IN140067,432.4140625,3,1
4,IN140068,267.5175171,3,1
5,IN140068,433.064209,3,1
4,IN140079,623.1016846,3,1
5,IN140079,640.0947266,3,1
4,IN140084,662.5270386,3,1
5,IN140084,734.6107178,3,1
4,IN140087,455.9811096,3,1
5,IN140087,481.2853394,3,1
4,IN140088,728.2171021,3,1
5,IN140088,737.2133179,3,1
4,IN140094,475.5574646,3,1
5,IN140094,232.3417206,3,1
4,IN140096,557.8840942,3,1
5,IN140096,659.9307251,3,1
4,IN150002,516.1668091,3,1
5,IN150002,427.9358826,3,1
4,IN150004,532.1505127,3,1
5,IN150004,576.40979,3,1
4,IN150009,435.0306702,3,1
5,IN150009,428.7167664,3,1
4,IN150012,349.7086182,3,1
5,IN150012,376.4482727,3,1
5,IN150013,362.8370972,3,1
4,IN150014,509.6132202,3,1
5,IN150014,537.9381104,3,1
4,IN150015,341.7218628,3,1
5,IN150015,246.5154724,3,1
4,IN150020,542.0596313,3,1
5,IN150020,689.9502563,3,1
4,IN150021,461.9350281,3,1
4,IN150024,461.6087646,3,1
5,IN150024,473.3659668,3,1
4,IN150025,408.7052917,3,1
5,IN150025,508.6653748,3,1
4,IN150027,578.1419067,3,1
5,IN150027,561.9317017,3,1
4,IN150028,353.8939819,3,1
5,IN150028,495.4112854,3,1
4,IN150029,446.1283264,3,1
5,IN150029,501.4696655,3,1
4,IN150031,516.3346558,3,1
5,IN150031,487.8964233,3,1
4,IN150033,325.8256226,3,1
5,IN150033,404.5401917,3,1
4,IN150036,597.0661621,3,1
5,IN150036,549.1182861,3,1
4,IN150037,330.4274292,3,1
5,IN150037,471.1457825,3,1
4,IN150038,407.2556152,3,1
5,IN150038,443.8248901,3,1
4,IN150044,240.4311676,3,1
5,IN150044,222.6403809,3,1
4,IN150046,379.8421326,3,1
5,IN150046,481.0587769,3,1
4,IN150047,231.7593384,3,1
5,IN150047,357.5584717,3,1
5,IN150052,244.8472443,3,1
4,IN150056,467.0803833,3,1
5,IN150056,249.8432007,3,1
4,IN150068,640.4841919,3,1
5,IN150068,495.0381775,3,1
4,IN150070,485.1498413,3,1
5,IN150070,516.9926758,3,1
4,IN150072,490.5197754,3,1
5,IN150072,417.113739,3,1
4,IN150077,644.1688843,3,1
5,IN150077,452.3892822,3,1
5,IN150078,399.1013794,3,1
5,IN150085,485.9529114,3,1
4,IN150089,296.729248,3,1
5,IN150089,404.3786316,3,1
4,IN150091,332.2348022,3,1
5,IN150091,442.8934937,3,1
4,IN150094,342.8055725,3,1
5,IN150094,503.9016418,3,1
4,IN150095,472.2157288,3,1
5,IN150095,645.0355835,3,1
4,IN150097,242.4989471,3,1
5,IN150097,470.2657166,3,1
4,IN150098,339.6443176,3,1
5,IN150098,325.1822205,3,1
5,IN160008,376.3182678,3,1
4,IN160009,486.9432068,3,1
5,IN160009,389.5663757,3,1
4,IN160010,534.9223633,3,1
5,IN160010,464.0957336,3,1
4,IN160011,307.6880188,3,1
4,IN160012,500.9926147,3,1
5,IN160012,479.307251,3,1
5,IN160015,439.575531,3,1
4,IN160017,311.8385925,3,1
5,IN160017,409.820343,3,1
4,IN160020,280.8321228,3,1
5,IN160020,378.4857483,3,1
4,IN160022,250.8914795,3,1
5,IN160022,353.795166,3,1
5,IN160026,405.5470276,3,1
5,IN160029,459.3621521,3,1
5,IN160035,316.8520813,3,1
4,IN160038,254.678833,3,1
5,IN160038,363.4680786,3,1
4,IN160045,650.0878906,3,1
5,IN160045,479.7635193,3,1
4,IN160049,547.8091431,3,1
5,IN160049,406.428009,3,1
4,IN160052,446.60495,3,1
4,IN160055,301.7539978,3,1
5,IN160055,401.2535706,3,1
4,IN160065,206.7933502,3,1
4,IN160067,305.4987488,3,1
5,IN160067,225.2717438,3,1
4,IN160071,404.6462708,3,1
5,IN160071,336.3892517,3,1
5,IN160077,365.0279846,3,1
4,IN160080,282.5141296,3,1
5,IN160080,396.3217468,3,1
4,IN160091,198.822876,3,1
5,IN160091,389.7256775,3,1
4,IN160093,343.26297,3,1
5,IN160093,460.655426,3,1
4,IN170005,542.046814,3,1
5,IN170005,613.5143433,3,1
5,IN170008,322.7121887,3,1
4,IN170031,540.3381348,3,1
5,IN170031,704.0401611,3,1
4,IN170032,346.5776672,3,1
5,IN170032,437.9447937,3,1
4,IN170033,247.7741852,3,1
5,IN170033,420.7028503,3,1
4,IN170035,333.4189758,3,1
5,IN170035,364.1300964,3,1
4,IN180003,342.238739,3,1
5,IN180003,323.6828308,3,1
4,IN180013,325.5227661,3,1
5,IN180013,523.6110229,3,1
4,IN180018,475.243988,3,1
5,IN180018,517.1436157,3,1
4,IN180022,432.2145691,3,1
5,IN180022,472.7575378,3,1
4,IN180024,412.4317932,3,1
5,IN180024,558.0679321,3,1
4,IN180030,442.8767395,3,1
5,IN180030,466.6108398,3,1
4,IN180035,336.5965271,3,1
5,IN180035,452.2778931,3,1
4,IN180044,209.4823303,3,1
5,IN180044,304.7735901,3,1
4,IN180048,381.4476013,3,1
4,IN180060,414.9046936,3,1
5,IN180060,477.0455017,3,1
4,IN190011,329.2586365,3,1
4,IN190032,415.9354553,3,1
5,IN190032,392.3683167,3,1
4,IN190054,555.4598999,3,1
5,IN190054,573.9111938,3,1
5,IN190069,426.2792969,3,1
5,IN200001,240.9371643,3,1
4,IN200004,553.6607666,3,1
5,IN200004,653.1676025,3,1
4,IN200007,502.6934204,3,1
5,IN200007,616.0743408,3,1
4,IN200008,594.9921265,3,1
5,IN200008,359.0369568,3,1
4,IN200010,200.0803223,3,1
4,IN200011,377.3069458,3,1
5,IN200011,480.2732544,3,1
4,IN200014,285.1129456,3,1
5,IN200014,224.5490723,3,1
4,IN200016,211.6903687,3,1
5,IN200016,222.8557892,3,1
4,IN200018,497.9706116,3,1
5,IN200018,566.5800781,3,1
5,IN200024,298.4888916,3,1
4,IN200026,343.827179,3,1
5,IN200026,414.7096863,3,1
4,IN200031,431.8390808,3,1
5,IN200031,409.8919678,3,1
4,IN200032,410.4115906,3,1
5,IN200032,471.348938,3,1
4,IN200033,365.8752441,3,1
5,IN200033,575.5268555,3,1
4,IN200035,310.9581299,3,1
5,IN200035,344.1574707,3,1
4,IN200039,346.4492798,3,1
5,IN200039,231.9096222,3,1
4,IN200040,701.177063,3,1
5,IN200040,658.434082,3,1
4,IN200041,357.217804,3,1
5,IN200041,407.8045349,3,1
4,IN200042,471.1893616,3,1
5,IN200042,484.5732422,3,1
4,IN200044,507.1341553,3,1
5,IN200044,540.9712524,3,1
4,IN200045,479.1262817,3,1
5,IN200045,428.2729187,3,1
5,IN200050,565.2939453,3,1
4,IN200053,399.7253418,3,1
5,IN200053,493.6781616,3,1
4,IN200057,399.9570618,3,1
5,IN200057,519.5541382,3,1
4,IN200058,516.6937256,3,1
5,IN200058,593.9125366,3,1
4,IN200060,396.9211731,3,1
5,IN200060,384.0067139,3,1
4,IN200067,303.0540161,3,1
5,IN200067,480.170929,3,1
4,IN200070,447.3640747,3,1
5,IN200070,447.1702881,3,1
4,IN200071,496.0101929,3,1
5,IN200071,487.287384,3,1
4,IN200079,381.7051086,3,1
4,IN200085,443.7849121,3,1
5,IN200085,218.5687103,3,1
4,IN200091,200.1717529,3,1
5,IN200091,252.9317017,3,1
4,IN010003,282.3813782,4,1
5,IN010003,382.1238098,4,1
4,IN010004,639.2944336,4,1
5,IN010004,684.6362305,4,1
4,IN010008,438.8454285,4,1
5,IN010008,623.6703491,4,1
4,IN010011,351.1442871,4,1
5,IN010011,386.9343872,4,1
4,IN010014,559.1575317,4,1
5,IN010014,598.2396851,4,1
4,IN010016,331.7226868,4,1
5,IN010016,399.5566406,4,1
4,IN010019,551.2368164,4,1
5,IN010019,658.097168,4,1
4,IN010021,238.8794098,4,1
5,IN010021,422.2666321,4,1
4,IN010023,510.874176,4,1
5,IN010023,602.4465942,4,1
4,IN010030,328.8749084,4,1
5,IN010030,386.2749939,4,1
4,IN010043,426.5038452,4,1
5,IN010043,480.4443359,4,1
4,IN010051,341.9251099,4,1
5,IN010051,397.0370178,4,1
4,IN010070,684.9117432,4,1
5,IN010070,770.7158203,4,1
4,IN010084,392.4693909,4,1
5,IN010084,394.0111389,4,1
4,IN010095,396.7701111,4,1
5,IN010095,541.1765137,4,1
4,IN020004,550.0593872,4,1
5,IN020004,692.442627,4,1
4,IN020048,439.947937,4,1
5,IN020048,421.4531555,4,1
4,IN020051,420.6051331,4,1
5,IN020051,495.0615845,4,1
4,IN020056,516.3994141,4,1
5,IN020056,575.7885742,4,1
4,IN020066,465.259491,4,1
5,IN020066,371.7788391,4,1
4,IN020076,492.0188293,4,1
5,IN020076,559.4876709,4,1
4,IN020083,560.9193726,4,1
5,IN020083,459.9062805,4,1
5,IN020092,428.3980408,4,1
4,IN030005,294.7303467,4,1
5,IN030005,453.961731,4,1
4,IN030011,378.7260742,4,1
5,IN030011,551.9927979,4,1
4,IN030037,611.9437866,4,1
5,IN030037,546.6373901,4,1
4,IN030067,412.0035706,4,1
5,IN030067,511.855072,4,1
4,IN030071,271.375,4,1
5,IN030071,230.713562,4,1
4,IN030084,484.4225769,4,1
5,IN030084,516.1346436,4,1
4,IN040004,355.914032,4,1
5,IN040004,465.1542664,4,1
4,IN040009,335.3603821,4,1
5,IN040009,282.1459045,4,1
4,IN040013,372.2011414,4,1
5,IN040013,462.331543,4,1
4,IN040017,456.5469971,4,1
5,IN040017,470.452301,4,1
4,IN040021,506.6678772,4,1
5,IN040021,523.1970825,4,1
4,IN040023,456.9246826,4,1
5,IN040023,389.8353882,4,1
4,IN040035,438.2434387,4,1
5,IN040035,775.7418823,4,1
4,IN040037,433.8983459,4,1
5,IN040037,367.4058533,4,1
5,IN040042,457.919342,4,1
5,IN040043,235.3613281,4,1
4,IN040049,482.7230225,4,1
5,IN040049,544.7962646,4,1
4,IN040050,520.2296143,4,1
5,IN040050,308.43573,4,1
5,IN040055,392.9552002,4,1
4,IN040057,419.8322754,4,1
5,IN040057,522.5653687,4,1
4,IN040058,251.5302124,4,1
5,IN040058,234.91922,4,1
4,IN040066,394.9142761,4,1
5,IN040066,552.2298584,4,1
4,IN040068,431.2501831,4,1
5,IN040068,373.6334534,4,1
4,IN040073,478.3035583,4,1
5,IN040073,550.4160767,4,1
4,IN040076,550.5435791,4,1
5,IN040076,496.8540649,4,1
4,IN040077,582.4077148,4,1
5,IN040077,466.1469421,4,1
4,IN040081,476.5737,4,1
5,IN040081,442.8753662,4,1
4,IN040086,664.4207153,4,1
5,IN040086,705.492981,4,1
4,IN040090,342.9229431,4,1
5,IN040090,331.0041504,4,1
4,IN040092,409.6686707,4,1
5,IN040092,525.4463501,4,1
4,IN040097,262.9749451,4,1
5,IN040097,531.923645,4,1
4,IN050007,346.7568665,4,1
4,IN050013,435.3913574,4,1
5,IN050013,332.1547852,4,1
4,IN050014,439.2950745,4,1
5,IN050014,525.8313599,4,1
4,IN050022,207.8253632,4,1
5,IN050022,391.0624084,4,1
5,IN050024,223.2002106,4,1
4,IN050028,499.6481323,4,1
4,IN050029,534.989624,4,1
5,IN050029,526.1956787,4,1
4,IN050031,261.3618164,4,1
5,IN050031,399.236145,4,1
4,IN050034,301.0776672,4,1
4,IN050042,432.2605286,4,1
5,IN050042,391.8340454,4,1
4,IN050048,468.4282532,4,1
5,IN050048,620.9224854,4,1
4,IN050053,306.3980103,4,1
5,IN050053,351.8640442,4,1
4,IN050054,482.3595581,4,1
5,IN050054,512.1270142,4,1
4,IN050056,531.168335,4,1
5,IN050056,577.9165039,4,1
4,IN050058,387.4463806,4,1
5,IN050058,502.9776001,4,1
4,IN050059,693.7752075,4,1
5,IN050059,724.9632568,4,1
4,IN050066,456.8854675,4,1
5,IN050066,566.9634399,4,1
4,IN050069,322.7096863,4,1
5,IN050069,457.7061768,4,1
4,IN050084,439.9299927,4,1
4,IN050088,543.5630493,4,1
5,IN050090,447.0640564,4,1
4,IN060004,513.1517334,4,1
5,IN060004,566.4082642,4,1
4,IN060005,474.2380371,4,1
4,IN060012,393.3327026,4,1
5,IN060012,526.9552612,4,1
4,IN060017,609.9336548,4,1
4,IN060018,468.6669617,4,1
4,IN060024,552.7156982,4,1
5,IN060024,549.2469482,4,1
4,IN060030,242.8709106,4,1
5,IN060030,475.6444092,4,1
5,IN060034,626.2027588,4,1
4,IN060040,554.6559448,4,1
5,IN060040,514.5267944,4,1
4,IN060041,547.4920044,4,1
5,IN060041,412.4450378,4,1
4,IN060044,360.0905151,4,1
5,IN060044,557.9476929,4,1
4,IN060046,488.920929,4,1
5,IN060046,556.9592896,4,1
4,IN060048,302.0758667,4,1
5,IN060048,404.2503967,4,1
4,IN060050,484.4304504,4,1
5,IN060050,584.5393677,4,1
4,IN060053,484.000885,4,1
4,IN060064,313.0922546,4,1
5,IN060064,357.2698059,4,1
4,IN060072,350.1989441,4,1
5,IN060072,381.3902588,4,1
5,IN060073,457.5345764,4,1
4,IN060080,447.8577881,4,1
5,IN060080,414.0068359,4,1
5,IN060094,374.1366577,4,1
4,IN070033,278.5952759,4,1
5,IN070033,516.2527466,4,1
5,IN070040,380.7171936,4,1
4,IN070042,444.2154236,4,1
5,IN070042,501.7099915,4,1
5,IN070048,230.2714386,4,1
4,IN070053,340.0179138,4,1
5,IN070053,495.4478455,4,1
4,IN070055,342.4776917,4,1
5,IN070055,448.2572632,4,1
4,IN070059,497.3476563,4,1
5,IN070059,533.6813354,4,1
4,IN070061,535.8161011,4,1
5,IN070061,542.9932861,4,1
4,IN070062,452.0289307,4,1
5,IN070062,473.3028564,4,1
4,IN070093,406.1880188,4,1
5,IN070093,499.3436584,4,1
4,IN070098,424.3665771,4,1
5,IN070098,381.4327087,4,1
4,IN070099,306.2502136,4,1
4,IN080011,430.1917725,4,1
5,IN080011,507.2030334,4,1
4,IN080014,191.638916,4,1
5,IN080014,502.658844,4,1
4,IN080018,651.111084,4,1
5,IN080018,499.1366272,4,1
4,IN080022,415.9609985,4,1
5,IN080022,371.3049316,4,1
4,IN080028,506.2470703,4,1
5,IN080028,683.8484497,4,1
4,IN080029,466.1608582,4,1
5,IN080029,221.2814941,4,1
4,IN080033,481.4177246,4,1
5,IN080033,587.0354614,4,1
4,IN080035,288.0122986,4,1
5,IN080035,590.9442749,4,1
4,IN080038,248.9013672,4,1
5,IN080038,327.4672852,4,1
4,IN080065,207.8729401,4,1
5,IN080065,238.0177307,4,1
4,IN080072,490.6482849,4,1
5,IN080072,480.4432068,4,1
4,IN080077,423.7424927,4,1
5,IN080077,573.2391357,4,1
4,IN080080,302.7947693,4,1
5,IN080080,376.0122986,4,1
4,IN080083,546.1737061,4,1
4,IN080088,398.7518311,4,1
5,IN080088,474.4765015,4,1
4,IN090016,279.3893127,4,1
5,IN090016,228.0583954,4,1
4,IN090040,464.9270935,4,1
4,IN090054,205.1639404,4,1
5,IN090054,401.0055847,4,1
4,IN090055,191.9420319,4,1
5,IN090055,239.0096588,4,1
4,IN090058,196.4858398,4,1
5,IN090058,242.3774567,4,1
4,IN090062,572.3644409,4,1
5,IN090062,610.5510864,4,1
4,IN090073,404.7025146,4,1
5,IN090073,415.3493042,4,1
4,IN090074,359.0653992,4,1
5,IN090074,491.7640686,4,1
4,IN090075,451.9277954,4,1
5,IN090079,227.8317108,4,1
4,IN090081,629.6118774,4,1
4,IN090100,351.6711731,4,1
5,IN090100,477.5642395,4,1
4,IN100004,243.2591553,4,1
5,IN100004,407.8412476,4,1
4,IN100011,568.0945435,4,1
5,IN100011,584.744751,4,1
4,IN100025,430.1798706,4,1
5,IN100025,514.5429077,4,1
4,IN100028,208.8410797,4,1
5,IN100028,332.2812805,4,1
4,IN100029,354.3628845,4,1
5,IN100029,294.2819824,4,1
4,IN100043,248.6270752,4,1
5,IN100043,547.6488037,4,1
4,IN100051,498.5259399,4,1
5,IN100051,506.2518311,4,1
4,IN100054,399.915863,4,1
5,IN100054,533.2399902,4,1
4,IN100062,476.8146667,4,1
5,IN100062,410.0313721,4,1
4,IN100076,590.0738525,4,1
5,IN100076,555.9187622,4,1
4,IN100079,381.6371155,4,1
5,IN100079,481.4362793,4,1
4,IN100081,193.0955048,4,1
5,IN100081,481.6101074,4,1
4,IN100086,469.9345703,4,1
5,IN100086,471.1758423,4,1
4,IN100090,204.1933136,4,1
5,IN100090,506.0912781,4,1
4,IN100095,258.3359375,4,1
5,IN100095,463.7568054,4,1
4,IN100100,207.8366241,4,1
5,IN100100,379.2981873,4,1
4,IN110016,566.9475708,4,1
5,IN110016,604.8650513,4,1
4,IN110019,478.0759888,4,1
5,IN110019,532.5534058,4,1
4,IN110036,421.8922729,4,1
5,IN110046,453.6463623,4,1
4,IN110055,453.4047241,4,1
5,IN110055,445.8617249,4,1
4,IN110071,390.3452759,4,1
5,IN110071,449.7850342,4,1
4,IN110079,488.6150818,4,1
5,IN110079,471.8738098,4,1
4,IN110081,360.6688843,4,1
5,IN110081,390.2059937,4,1
4,IN110083,401.2304077,4,1
5,IN110083,420.6839294,4,1
4,IN110099,204.1720123,4,1
5,IN110099,219.4078522,4,1
5,IN110100,217.0532684,4,1
4,IN120005,467.8025513,4,1
5,IN120005,529.2075195,4,1
4,IN120009,437.5578308,4,1
5,IN120009,495.6393433,4,1
4,IN120010,401.416626,4,1
5,IN120010,530.68927,4,1
4,IN120013,638.4715576,4,1
5,IN120013,646.8365479,4,1
4,IN120025,419.8109741,4,1
5,IN120025,424.8582764,4,1
4,IN120030,532.019104,4,1
5,IN120030,512.6542358,4,1
4,IN120036,481.0551453,4,1
5,IN120036,464.7710266,4,1
4,IN120037,253.0456543,4,1
5,IN120037,549.1091919,4,1
4,IN120038,436.2035217,4,1
5,IN120038,524.8644409,4,1
4,IN120040,400.4793091,4,1
4,IN120044,609.6593628,4,1
5,IN120044,607.6930542,4,1
4,IN120046,543.0580444,4,1
5,IN120046,593.3915405,4,1
4,IN120047,436.7998352,4,1
5,IN120047,533.3972778,4,1
4,IN120049,535.5571289,4,1
5,IN120049,539.4009399,4,1
4,IN120064,578.689209,4,1
5,IN120064,682.0136108,4,1
4,IN120065,640.4078369,4,1
5,IN120065,559.1696777,4,1
4,IN120071,412.6495667,4,1
5,IN120071,488.4381104,4,1
4,IN120094,374.0583801,4,1
5,IN120094,445.9725647,4,1
4,IN120101,468.4694519,4,1
5,IN120101,345.8675232,4,1
4,IN130012,452.4501953,4,1
5,IN130012,531.9275513,4,1
4,IN130027,274.9819946,4,1
5,IN130027,374.4013062,4,1
4,IN130067,314.0240784,4,1
5,IN130067,230.1499634,4,1
4,IN130070,507.8778687,4,1
5,IN130070,502.0918884,4,1
4,IN130080,404.3085022,4,1
5,IN130080,381.3293762,4,1
4,IN130084,192.0960693,4,1
5,IN130084,249.2194824,4,1
4,IN130085,405.5760803,4,1
5,IN130085,537.9102783,4,1
4,IN130098,575.2587891,4,1
5,IN130098,532.1344604,4,1
4,IN140001,299.3881531,4,1
5,IN140001,422.4873047,4,1
4,IN140010,547.9648438,4,1
5,IN140010,532.5356445,4,1
4,IN140011,424.696106,4,1
5,IN140011,550.4199829,4,1
4,IN140017,339.1073914,4,1
5,IN140017,413.2929382,4,1
4,IN140026,278.9121399,4,1
5,IN140026,547.4286499,4,1
4,IN140044,532.8766479,4,1
5,IN140044,526.8900146,4,1
4,IN140049,548.4904785,4,1
5,IN140049,618.9473877,4,1
4,IN140054,462.622345,4,1
5,IN140054,499.7348022,4,1
4,IN140058,392.456604,4,1
5,IN140058,478.133728,4,1
4,IN140071,371.2426758,4,1
5,IN140071,586.7723999,4,1
5,IN140072,455.9945374,4,1
5,IN140085,414.1923218,4,1
4,IN140089,350.5204468,4,1
5,IN140089,341.4494324,4,1
4,IN140092,659.2168579,4,1
5,IN140092,606.4418945,4,1
4,IN150005,482.5245056,4,1
5,IN150005,641.5437622,4,1
5,IN150007,276.6890869,4,1
4,IN150010,512.6896973,4,1
5,IN150010,579.803894,4,1
4,IN150017,271.3474426,4,1
5,IN150017,397.0021973,4,1
4,IN150019,464.4247437,4,1
5,IN150019,515.5684204,4,1
4,IN150034,377.4901733,4,1
5,IN150034,421.078949,4,1
4,IN150040,608.4169312,4,1
5,IN150040,521.8114014,4,1
4,IN150043,475.0411072,4,1
5,IN150043,465.8120422,4,1
4,IN150053,370.2467346,4,1
5,IN150053,478.8607788,4,1
4,IN150059,618.3224487,4,1
5,IN150059,234.7814484,4,1
4,IN150062,496.7070313,4,1
5,IN150062,231.9684753,4,1
5,IN150063,487.5228271,4,1
4,IN150067,201.2851563,4,1
5,IN150067,244.892334,4,1
5,IN150079,236.2655945,4,1
4,IN150087,409.5888977,4,1
5,IN150087,376.8440552,4,1
4,IN150096,282.4565125,4,1
5,IN150096,375.3849792,4,1
4,IN160001,243.8966522,4,1
5,IN160001,379.9898987,4,1
4,IN160013,394.8218384,4,1
5,IN160013,418.6206665,4,1
4,IN160024,296.5213318,4,1
5,IN160024,221.9841003,4,1
4,IN160032,426.4066772,4,1
5,IN160032,461.0762329,4,1
4,IN160034,426.4044189,4,1
5,IN160034,480.4082642,4,1
4,IN160035,421.6618347,4,1
5,IN160036,476.9588318,4,1
4,IN160040,438.3887634,4,1
5,IN160040,416.1736755,4,1
5,IN160043,254.3870087,4,1
4,IN160044,458.635437,4,1
5,IN160044,482.4771729,4,1
4,IN160047,394.4117737,4,1
5,IN160047,410.0711975,4,1
5,IN160048,238.5800781,4,1
4,IN160050,191.1542206,4,1
5,IN160050,409.8491516,4,1
4,IN160054,364.8576355,4,1
5,IN160054,453.3150635,4,1
4,IN160056,561.4967041,4,1
5,IN160056,251.5627747,4,1
5,IN160065,236.4096222,4,1
4,IN160078,318.8935242,4,1
5,IN160078,550.2205811,4,1
4,IN160090,229.3872223,4,1
5,IN160090,536.6713867,4,1
4,IN160094,200.6802216,4,1
5,IN160094,358.8591309,4,1
4,IN170004,447.6604309,4,1
5,IN170004,427.4370422,4,1
4,IN170006,196.7275543,4,1
5,IN170006,338.7979126,4,1
4,IN170009,445.4206238,4,1
5,IN170009,421.465332,4,1
5,IN170013,321.3796082,4,1
5,IN170026,412.8678589,4,1
5,IN170029,441.0923462,4,1
5,IN170038,332.3137207,4,1
5,IN170064,344.519043,4,1
4,IN170065,256.4222107,4,1
5,IN170065,287.7931519,4,1
5,IN170089,407.166687,4,1
4,IN170096,333.3927917,4,1
5,IN170096,398.8736877,4,1
4,IN180009,392.2481995,4,1
5,IN180023,419.0368652,4,1
4,IN180036,423.8724976,4,1
5,IN180036,471.1070862,4,1
5,IN180038,250.7349396,4,1
5,IN180049,391.7437439,4,1
4,IN180056,339.6918945,4,1
5,IN180056,217.5730438,4,1
4,IN180059,349.9579773,4,1
5,IN180069,410.2457886,4,1
4,IN180079,372.6315002,4,1
5,IN180079,447.2991638,4,1
4,IN180087,501.9321899,4,1
5,IN180087,524.1051025,4,1
4,IN180091,508.222168,4,1
4,IN190013,366.2997131,4,1
5,IN190013,585.1881104,4,1
4,IN190034,371.2756042,4,1
5,IN190034,547.2525635,4,1
4,IN190052,262.5115356,4,1
5,IN190052,481.7141724,4,1
4,IN190053,308.1689453,4,1
5,IN190053,353.8268433,4,1
5,IN190067,320.3676453,4,1
5,IN190071,222.7693787,4,1
4,IN190088,311.1848145,4,1
4,IN200003,298.6479492,4,1
5,IN200003,451.3547974,4,1
4,IN200006,431.3399963,4,1
5,IN200006,551.9545898,4,1
5,IN200012,524.4882202,4,1
4,IN200013,301.4797058,4,1
5,IN200013,455.7445984,4,1
4,IN200019,326.7981262,4,1
4,IN200025,519.7626953,4,1
5,IN200025,511.203949,4,1
4,IN200030,391.569519,4,1
5,IN200030,417.9628906,4,1
4,IN200043,464.8657227,4,1
5,IN200043,614.0291138,4,1
4,IN200047,295.0472107,4,1
5,IN200047,354.8201599,4,1
4,IN200048,480.599762,4,1
5,IN200048,378.2451477,4,1
4,IN200054,460.1986389,4,1
5,IN200054,402.8224792,4,1
4,IN200064,488.7859192,4,1
5,IN200064,561.5534668,4,1
4,IN200074,520.1375122,4,1
5,IN200074,497.8665466,4,1
4,IN010005,325.3392944,5,1
5,IN010005,480.8910828,5,1
4,IN010010,478.9547119,5,1
5,IN010010,465.7660828,5,1
4,IN010026,513.2501831,5,1
5,IN010026,518.5020142,5,1
4,IN010036,398.844635,5,1
5,IN010036,472.5815735,5,1
4,IN010054,368.9136353,5,1
5,IN010054,492.0426025,5,1
5,IN010055,458.678894,5,1
5,IN010058,312.3583374,5,1
4,IN010059,463.6665039,5,1
5,IN010059,390.2910461,5,1
4,IN010060,396.7373047,5,1
5,IN010060,519.1931763,5,1
4,IN010073,425.6297913,5,1
5,IN010073,477.5269165,5,1
4,IN010075,503.9442139,5,1
5,IN010075,519.3717041,5,1
4,IN010077,268.0234985,5,1
5,IN010077,349.2882996,5,1
4,IN010081,615.552063,5,1
5,IN010081,713.4747314,5,1
4,IN010094,703.2009888,5,1
5,IN010094,840.711792,5,1
4,IN010097,376.0199585,5,1
5,IN010097,387.1147461,5,1
4,IN010100,354.8783875,5,1
5,IN010100,482.2412109,5,1
4,IN020002,324.628418,5,1
5,IN020002,253.8083954,5,1
4,IN020015,321.3608093,5,1
5,IN020015,465.6358337,5,1
5,IN020016,504.8043823,5,1
4,IN020022,299.3543396,5,1
5,IN020022,436.7923889,5,1
4,IN020037,459.5560913,5,1
5,IN020037,647.0194092,5,1
4,IN020038,584.3088989,5,1
5,IN020038,612.8455811,5,1
4,IN020039,675.548584,5,1
4,IN020061,435.9324036,5,1
5,IN020061,252.2628937,5,1
4,IN020074,404.7023926,5,1
5,IN020074,512.3724365,5,1
4,IN020080,366.7392883,5,1
5,IN020080,444.1809082,5,1
4,IN020082,249.7680359,5,1
5,IN020082,386.7012024,5,1
4,IN030001,448.6329346,5,1
5,IN030001,550.862854,5,1
4,IN030016,718.911499,5,1
5,IN030016,701.4876709,5,1
4,IN030021,395.1846619,5,1
5,IN030021,526.4411621,5,1
4,IN030040,350.6032104,5,1
5,IN030040,362.9818726,5,1
4,IN030047,518.791687,5,1
5,IN030047,614.6365356,5,1
4,IN030085,545.7189331,5,1
5,IN030085,595.1499634,5,1
4,IN030100,410.5562744,5,1
5,IN030100,506.6037598,5,1
4,IN040001,317.3104553,5,1
4,IN040005,579.9667358,5,1
5,IN040005,490.9970703,5,1
4,IN040006,558.7009277,5,1
5,IN040006,505.0285645,5,1
4,IN040007,305.369751,5,1
5,IN040007,393.8865051,5,1
5,IN040008,397.9651794,5,1
4,IN040010,355.3835144,5,1
5,IN040010,480.1904602,5,1
4,IN040011,382.0075684,5,1
5,IN040011,481.3071289,5,1
4,IN040030,331.8704834,5,1
5,IN040030,370.3242493,5,1
4,IN040032,281.8716431,5,1
5,IN040032,371.3038025,5,1
4,IN040039,558.6827393,5,1
5,IN040039,600.2962036,5,1
4,IN040045,458.452301,5,1
5,IN040045,439.9646912,5,1
4,IN040046,384.0183411,5,1
5,IN040046,474.2435608,5,1
5,IN040048,470.6355286,5,1
4,IN040052,317.8640442,5,1
5,IN040052,526.4694824,5,1
4,IN040054,542.3135986,5,1
5,IN040054,509.3555908,5,1
4,IN040060,652.3522949,5,1
5,IN040060,703.0081177,5,1
4,IN040065,505.0134277,5,1
5,IN040065,483.3434753,5,1
4,IN040067,582.0983276,5,1
5,IN040067,612.6865234,5,1
4,IN040070,495.5523071,5,1
5,IN040070,532.4728394,5,1
4,IN040087,439.7791138,5,1
5,IN040087,482.2940674,5,1
4,IN040096,626.3743286,5,1
5,IN040096,648.2780762,5,1
5,IN040098,376.3815308,5,1
5,IN040099,467.5829773,5,1
4,IN050008,295.999054,5,1
5,IN050008,429.4929199,5,1
4,IN050011,709.5834351,5,1
5,IN050011,586.7310791,5,1
4,IN050012,498.8342896,5,1
4,IN050017,278.8971252,5,1
4,IN050018,440.850647,5,1
5,IN050018,521.020752,5,1
4,IN050021,495.9237671,5,1
5,IN050021,533.9994507,5,1
4,IN050025,608.9354858,5,1
4,IN050037,488.3500671,5,1
4,IN050043,535.5067749,5,1
5,IN050043,449.4368896,5,1
4,IN050060,488.4735718,5,1
5,IN050082,247.7816925,5,1
4,IN050093,327.8943787,5,1
4,IN050097,580.6881104,5,1
5,IN060023,551.6765137,5,1
4,IN060027,377.0910339,5,1
5,IN060027,441.6041565,5,1
4,IN060029,531.4169312,5,1
4,IN060063,563.0384521,5,1
5,IN060063,515.9732056,5,1
4,IN060065,452.5491028,5,1
5,IN060065,499.6606445,5,1
4,IN060074,370.7702637,5,1
5,IN060074,239.0660248,5,1
4,IN060078,477.2833252,5,1
5,IN060078,435.7185059,5,1
4,IN060079,476.0449219,5,1
5,IN060079,545.3197021,5,1
4,IN060085,529.6644287,5,1
5,IN060085,599.0199585,5,1
4,IN070004,496.5577393,5,1
5,IN070004,556.9403687,5,1
4,IN070022,465.6813049,5,1
5,IN070022,478.3913574,5,1
4,IN070038,420.967865,5,1
4,IN070046,419.8744812,5,1
5,IN070046,504.5393677,5,1
4,IN070051,595.6258545,5,1
4,IN070052,532.9440308,5,1
5,IN070052,516.479187,5,1
4,IN070054,513.0552979,5,1
4,IN070058,441.3616028,5,1
4,IN070060,196.960495,5,1
5,IN070060,448.2186279,5,1
4,IN070064,433.8546143,5,1
4,IN070069,579.0562134,5,1
4,IN070089,447.5774536,5,1
5,IN070089,417.0699158,5,1
4,IN080007,456.0348511,5,1
4,IN080010,432.220459,5,1
4,IN080013,186.1708069,5,1
4,IN080021,602.8962402,5,1
5,IN080021,567.8552246,5,1
4,IN080025,196.5183868,5,1
5,IN080025,592.2180176,5,1
4,IN080030,606.0285645,5,1
5,IN080030,625.1218872,5,1
4,IN080041,200.2268524,5,1
5,IN080041,433.250824,5,1
4,IN080053,403.6450806,5,1
5,IN080053,497.5456848,5,1
4,IN080066,314.7918091,5,1
5,IN080066,511.6530762,5,1
4,IN080079,359.9862061,5,1
4,IN080091,519.2365112,5,1
4,IN090001,302.600647,5,1
5,IN090001,509.0090637,5,1
4,IN090009,591.7533569,5,1
5,IN090009,675.6813354,5,1
4,IN090013,274.780365,5,1
5,IN090013,457.7291565,5,1
4,IN090020,421.4289856,5,1
5,IN090020,294.5412292,5,1
4,IN090022,504.441803,5,1
5,IN090022,492.4522705,5,1
4,IN090023,517.8702393,5,1
5,IN090023,576.3146362,5,1
4,IN090025,392.7525635,5,1
5,IN090025,518.3485718,5,1
4,IN090034,424.7617188,5,1
5,IN090034,495.7417908,5,1
4,IN090041,330.6017456,5,1
4,IN090042,196.6411438,5,1
5,IN090042,561.4382324,5,1
4,IN090047,305.9847107,5,1
5,IN090047,305.2583008,5,1
5,IN090053,242.1081696,5,1
4,IN090057,402.0621338,5,1
5,IN090057,394.4856873,5,1
4,IN090065,601.0288696,5,1
5,IN090065,634.1231079,5,1
4,IN090067,447.4743347,5,1
5,IN090067,489.2348938,5,1
4,IN090069,559.2962036,5,1
4,IN090071,204.8257751,5,1
5,IN090071,390.5361328,5,1
4,IN090072,520.3083496,5,1
5,IN090072,496.1304321,5,1
4,IN100002,698.5494995,5,1
5,IN100002,584.8674927,5,1
4,IN100003,719.5477295,5,1
5,IN100003,520.0858154,5,1
4,IN100006,542.5938721,5,1
5,IN100006,521.0632324,5,1
4,IN100010,370.6704407,5,1
5,IN100010,452.5186768,5,1
4,IN100015,423.2909851,5,1
4,IN100019,521.5574341,5,1
5,IN100019,512.0897827,5,1
4,IN100024,483.5596313,5,1
5,IN100024,458.71698,5,1
4,IN100040,681.9622803,5,1
5,IN100040,739.1671143,5,1
4,IN100053,411.3138428,5,1
5,IN100053,371.486145,5,1
4,IN100066,327.5817566,5,1
5,IN100066,480.7635803,5,1
4,IN100077,639.8943481,5,1
5,IN100077,608.4608154,5,1
4,IN100078,538.0438232,5,1
5,IN100078,526.8048706,5,1
4,IN100085,350.8608398,5,1
5,IN100085,343.5828247,5,1
4,IN100087,361.4046936,5,1
5,IN100087,419.8507996,5,1
4,IN100092,335.3588562,5,1
5,IN100092,444.0522461,5,1
4,IN110025,459.5569763,5,1
5,IN110025,537.0597534,5,1
4,IN110028,521.8800659,5,1
5,IN110028,498.681366,5,1
4,IN110031,445.1793518,5,1
5,IN110031,353.5437927,5,1
4,IN110064,647.7858887,5,1
5,IN110069,246.4165344,5,1
4,IN120008,482.1225891,5,1
5,IN120008,595.5469971,5,1
4,IN120020,517.7871094,5,1
5,IN120020,613.8675537,5,1
4,IN120021,604.0334473,5,1
5,IN120021,637.512207,5,1
4,IN120023,323.9810181,5,1
5,IN120023,554.967041,5,1
4,IN120028,631.4516602,5,1
4,IN120053,387.2748108,5,1
5,IN120053,443.0540771,5,1
4,IN120055,508.2019958,5,1
5,IN120055,554.5522461,5,1
4,IN120058,307.7644043,5,1
5,IN120058,491.7055664,5,1
5,IN120066,223.1438446,5,1
4,IN120069,588.6297607,5,1
5,IN120069,633.1299438,5,1
4,IN120070,312.7140198,5,1
5,IN120070,261.3693237,5,1
4,IN120097,661.9333496,5,1
4,IN130002,477.3775024,5,1
5,IN130002,560.3950806,5,1
4,IN130003,201.3578033,5,1
5,IN130005,224.6780853,5,1
4,IN130021,350.6852417,5,1
5,IN130021,370.043457,5,1
4,IN130026,462.9625244,5,1
4,IN130053,257.0559692,5,1
5,IN130053,388.5952454,5,1
4,IN130054,329.8673401,5,1
5,IN130054,378.4255066,5,1
5,IN130060,243.3931732,5,1
4,IN130068,614.0003052,5,1
5,IN130068,724.9156494,5,1
4,IN130089,616.8846436,5,1
5,IN130089,507.4217224,5,1
5,IN130097,257.7710876,5,1
4,IN140034,354.0263672,5,1
5,IN140034,524.4367676,5,1
4,IN140037,540.5038452,5,1
5,IN140037,458.6195374,5,1
4,IN140053,556.2783203,5,1
5,IN140053,565.2228394,5,1
4,IN140056,665.5253296,5,1
5,IN140056,733.8405151,5,1
4,IN140069,536.3080444,5,1
5,IN140069,577.6384277,5,1
4,IN140073,564.5924683,5,1
5,IN140073,636.49646,5,1
4,IN140076,542.8987427,5,1
5,IN140076,462.5164185,5,1
4,IN140082,265.7427979,5,1
5,IN140082,358.338623,5,1
4,IN140098,420.7674561,5,1
5,IN140098,550.3726196,5,1
4,IN140100,382.949646,5,1
5,IN140100,484.2879333,5,1
4,IN150003,525.7831421,5,1
5,IN150003,548.0373535,5,1
4,IN150008,530.1151733,5,1
5,IN150008,581.1815796,5,1
5,IN150011,371.6707458,5,1
4,IN150032,573.3136597,5,1
5,IN150032,466.5037842,5,1
4,IN150045,502.3195801,5,1
5,IN150045,470.4779968,5,1
4,IN150050,449.1225281,5,1
5,IN150050,412.2774658,5,1
4,IN150065,538.8572388,5,1
5,IN150065,477.1997986,5,1
4,IN150069,506.6281738,5,1
5,IN150069,484.0135193,5,1
4,IN150071,347.7836304,5,1
5,IN150071,359.1271362,5,1
4,IN150076,469.2112732,5,1
5,IN150076,493.9002075,5,1
4,IN150082,410.5313416,5,1
5,IN150082,498.8957825,5,1
4,IN150083,479.4276123,5,1
5,IN150083,569.7294312,5,1
4,IN150100,332.4727783,5,1
5,IN150100,471.7264099,5,1
5,IN160006,427.8116455,5,1
4,IN160016,300.3938599,5,1
5,IN160016,431.9207458,5,1
4,IN160030,452.7042542,5,1
5,IN160030,516.9259033,5,1
4,IN160036,442.1482849,5,1
4,IN160053,473.5334167,5,1
5,IN160053,454.5915527,5,1
4,IN170011,421.2869568,5,1
5,IN170011,238.5262146,5,1
4,IN170012,275.1310425,5,1
5,IN170012,326.4228821,5,1
5,IN170014,388.9982605,5,1
4,IN170030,257.1260986,5,1
5,IN170030,527.1062012,5,1
4,IN170037,197.561676,5,1
5,IN170037,362.9754944,5,1
4,IN170039,371.1439819,5,1
5,IN170039,480.9464417,5,1
5,IN170040,364.5628357,5,1
4,IN170045,172.0934601,5,1
5,IN170045,263.9693909,5,1
5,IN170049,238.7228546,5,1
4,IN170058,196.6461639,5,1
5,IN170058,350.559021,5,1
4,IN170060,287.3673096,5,1
5,IN170060,338.2647705,5,1
4,IN170079,247.0527649,5,1
5,IN170079,369.013092,5,1
4,IN170088,282.7295532,5,1
5,IN170088,330.0624695,5,1
4,IN180006,237.5681152,5,1
5,IN180006,339.2851257,5,1
4,IN180014,404.6253662,5,1
5,IN180014,424.4487305,5,1
4,IN180020,320.1321716,5,1
5,IN180020,271.132019,5,1
5,IN180025,347.5402832,5,1
4,IN180032,322.8737488,5,1
5,IN180032,361.433136,5,1
4,IN180033,328.3554077,5,1
5,IN180033,387.9812927,5,1
4,IN180041,329.5006104,5,1
5,IN180041,361.8431702,5,1
4,IN180043,572.4119263,5,1
5,IN180043,521.3291016,5,1
4,IN180076,331.5629883,5,1
5,IN180076,472.6492004,5,1
4,IN180089,263.1916199,5,1
5,IN180089,315.2627258,5,1
4,IN180094,386.0406494,5,1
5,IN180094,539.0849609,5,1
4,IN190005,456.2757568,5,1
5,IN190005,437.7914124,5,1
4,IN190007,207.4483795,5,1
4,IN190010,277.5720215,5,1
5,IN190010,393.8271484,5,1
5,IN190012,436.4840698,5,1
4,IN190014,368.4449768,5,1
5,IN190014,441.4462891,5,1
4,IN190020,269.6967468,5,1
5,IN190020,471.3442993,5,1
4,IN190026,400.6413879,5,1
5,IN190026,432.946106,5,1
4,IN190041,293.0909119,5,1
5,IN190041,299.7062683,5,1
4,IN190044,249.3409729,5,1
5,IN190044,374.8397827,5,1
4,IN190046,345.5879822,5,1
5,IN190046,408.4332581,5,1
4,IN190055,345.5524292,5,1
5,IN190055,410.7918396,5,1
4,IN190060,203.0197754,5,1
5,IN190060,463.6052551,5,1
4,IN190078,340.1611938,5,1
5,IN190078,430.1488037,5,1
4,IN190081,333.1976624,5,1
5,IN190081,375.0543213,5,1
4,IN190083,544.7786255,5,1
5,IN190083,575.7147217,5,1
4,IN200005,375.7982788,5,1
4,IN200023,498.8722534,5,1
5,IN200023,542.5107422,5,1
5,IN200028,518.4799194,5,1
4,IN200029,566.3796997,5,1
5,IN200029,505.6003113,5,1
4,IN200049,414.6307983,5,1
5,IN200049,491.1776733,5,1
4,IN200076,193.0742035,5,1
5,IN200076,353.9343262,5,1
4,IN200093,200.6464233,5,1
5,IN200093,397.0316162,5,1
4,IN200096,191.3345795,5,1
5,IN200096,414.7793274,5,1
4,IN200101,474.9377747,5,1
5,IN200101,425.7979736,5,1
4,IN010009,353.1515503,6,1
5,IN010009,386.2227478,6,1
4,IN010020,501.4434814,6,1
5,IN010020,470.7637939,6,1
5,IN010066,509.3872986,6,1
4,IN010067,406.9517517,6,1
5,IN010067,442.5631104,6,1
4,IN010072,413.3825073,6,1
5,IN010072,496.769165,6,1
5,IN010093,580.2059326,6,1
4,IN010099,766.9660645,6,1
5,IN010099,709.4694214,6,1
5,IN020009,368.740448,6,1
5,IN020010,528.9377441,6,1
4,IN020031,518.6202393,6,1
5,IN020031,510.223175,6,1
4,IN020044,434.940979,6,1
5,IN020044,570.2021484,6,1
4,IN020052,406.6474304,6,1
4,IN020097,483.6846313,6,1
5,IN020097,443.9812012,6,1
4,IN020100,476.4378052,6,1
5,IN020100,428.9306946,6,1
4,IN030012,436.6100464,6,1
5,IN030012,525.4280396,6,1
5,IN030026,244.6769257,6,1
4,IN030093,304.61203,6,1
5,IN030093,504.9596863,6,1
4,IN030099,535.0540161,6,1
5,IN030099,521.6505737,6,1
4,IN040002,399.9510498,6,1
5,IN040002,334.4126587,6,1
5,IN040003,458.6539917,6,1
5,IN040018,462.8025818,6,1
5,IN040022,392.0867615,6,1
4,IN040028,531.8308716,6,1
5,IN040028,336.1118469,6,1
4,IN040041,186.1996155,6,1
5,IN040041,230.8938904,6,1
4,IN040053,282.049469,6,1
5,IN040053,357.7095032,6,1
4,IN040069,381.0113831,6,1
5,IN040069,482.9016113,6,1
4,IN040094,285.6314392,6,1
5,IN040094,415.7772827,6,1
4,IN040095,451.8570251,6,1
5,IN040095,463.6690063,6,1
4,IN050035,525.5252686,6,1
5,IN050035,641.5725708,6,1
4,IN050041,498.5979614,6,1
5,IN050041,508.412384,6,1
4,IN050061,399.0529175,6,1
5,IN050061,541.9385986,6,1
4,IN050099,416.7004395,6,1
5,IN050099,463.6246948,6,1
4,IN060049,225.1652679,6,1
5,IN060049,419.7466125,6,1
4,IN060052,581.512207,6,1
5,IN060052,587.3735962,6,1
4,IN060075,254.5448303,6,1
5,IN060075,382.038269,6,1
4,IN060076,506.7467957,6,1
5,IN060076,539.8880005,6,1
4,IN060090,538.4818115,6,1
4,IN060093,299.8528137,6,1
5,IN060093,360.6542358,6,1
4,IN060100,351.3683167,6,1
5,IN060100,293.4065247,6,1
4,IN070003,400.4703064,6,1
5,IN070003,538.4213867,6,1
4,IN070018,501.4135437,6,1
5,IN070018,501.1370239,6,1
5,IN070058,490.3524475,6,1
5,IN070064,535.5271606,6,1
4,IN070085,568.7967529,6,1
5,IN070085,570.604187,6,1
4,IN070086,486.2503662,6,1
5,IN070086,515.2330322,6,1
4,IN080008,369.3047791,6,1
5,IN080008,531.4163208,6,1
4,IN080015,202.1869049,6,1
5,IN080015,200.4059448,6,1
4,IN080023,193.1130219,6,1
5,IN080023,466.7928467,6,1
5,IN080055,533.692749,6,1
4,IN080067,461.7678223,6,1
5,IN080067,498.8808899,6,1
4,IN080070,358.4196472,6,1
5,IN080070,469.2186584,6,1
4,IN080073,356.2511902,6,1
5,IN080073,482.707489,6,1
5,IN080093,252.7400665,6,1
4,IN090039,182.6640167,6,1
5,IN090039,402.7920532,6,1
4,IN090084,201.1887207,6,1
5,IN090084,539.6158447,6,1
4,IN090086,203.4694061,6,1
5,IN090086,388.8357239,6,1
4,IN090092,473.5860291,6,1
5,IN090092,511.7791748,6,1
4,IN100008,595.0284424,6,1
5,IN100008,585.9007568,6,1
4,IN100014,477.8999023,6,1
5,IN100014,594.234436,6,1
4,IN100030,512.6205444,6,1
5,IN100030,459.9635925,6,1
4,IN100046,278.9697571,6,1
4,IN100049,362.5207214,6,1
5,IN100049,527.9096069,6,1
4,IN100096,432.9537354,6,1
5,IN100096,492.666687,6,1
4,IN110003,410.1694946,6,1
4,IN110012,520.9736328,6,1
5,IN110012,520.3880005,6,1
5,IN110018,229.3133392,6,1
4,IN110043,365.7867126,6,1
5,IN110043,462.3459473,6,1
4,IN110045,425.1027527,6,1
5,IN110045,441.0616455,6,1
4,IN110067,344.7822876,6,1
5,IN110067,508.4469604,6,1
4,IN110068,312.9294434,6,1
5,IN110068,255.1710358,6,1
4,IN110077,371.9108582,6,1
5,IN110077,461.9337769,6,1
4,IN120006,476.0437927,6,1
5,IN120006,520.6898804,6,1
4,IN120014,499.1946106,6,1
5,IN120014,571.9197388,6,1
4,IN120042,283.7127075,6,1
4,IN120043,242.9235077,6,1
4,IN120059,519.4971924,6,1
5,IN120059,596.0115967,6,1
4,IN120060,393.7976074,6,1
5,IN120060,531.2288208,6,1
4,IN120067,193.9333801,6,1
5,IN120067,369.490387,6,1
4,IN120075,502.3023987,6,1
5,IN120075,371.3600159,6,1
4,IN120077,510.1990051,6,1
5,IN120077,241.4043121,6,1
4,IN120081,476.4710083,6,1
5,IN120081,466.5280762,6,1
4,IN120090,321.8342285,6,1
4,IN120091,435.5863647,6,1
5,IN120091,483.394928,6,1
4,IN120095,513.1811523,6,1
5,IN120095,525.4993286,6,1
4,IN130036,210.9526825,6,1
5,IN130036,443.6677856,6,1
4,IN130061,303.2306213,6,1
5,IN130061,398.1373901,6,1
4,IN130066,493.8659058,6,1
5,IN130066,535.9371948,6,1
4,IN130081,304.3127136,6,1
5,IN130081,421.7092896,6,1
4,IN130092,261.158905,6,1
5,IN130092,420.9380493,6,1
4,IN130100,472.7703247,6,1
5,IN130100,435.7711487,6,1
4,IN140025,429.4535828,6,1
5,IN140025,441.3964539,6,1
4,IN140045,553.852356,6,1
5,IN140045,621.6514282,6,1
5,IN140046,244.103302,6,1
4,IN140051,438.8475037,6,1
5,IN140051,627.0193481,6,1
4,IN150022,339.865509,6,1
5,IN150022,561.6812134,6,1
4,IN150039,431.1459961,6,1
5,IN150039,477.4385071,6,1
4,IN150042,385.4453735,6,1
5,IN150042,394.8997192,6,1
4,IN150048,284.1460571,6,1
5,IN150048,332.7188721,6,1
4,IN150066,467.2849121,6,1
5,IN150066,407.6041565,6,1
5,IN160018,455.1663513,6,1
4,IN160019,518.132019,6,1
5,IN160019,279.718689,6,1
4,IN160033,369.0387573,6,1
5,IN160033,493.2986755,6,1
4,IN160046,492.4743347,6,1
5,IN160058,387.6109619,6,1
5,IN160096,231.6416016,6,1
4,IN160098,486.7039795,6,1
5,IN160098,423.4746094,6,1
5,IN170018,410.7629089,6,1
4,IN170028,199.4678802,6,1
5,IN170028,383.2479858,6,1
4,IN170041,396.65979,6,1
5,IN170041,555.0430908,6,1
4,IN170046,462.2843323,6,1
5,IN170046,521.7996216,6,1
4,IN170053,249.4799957,6,1
4,IN170077,389.3654785,6,1
5,IN170077,564.7912598,6,1
4,IN170081,340.2070313,6,1
5,IN180005,509.2081909,6,1
4,IN180008,460.2381897,6,1
5,IN180008,568.5355225,6,1
5,IN180012,375.493927,6,1
5,IN180040,369.2212524,6,1
4,IN180050,320.6369019,6,1
5,IN180050,374.6376343,6,1
4,IN180051,304.5481873,6,1
5,IN180051,394.3489075,6,1
4,IN180082,468.5501099,6,1
5,IN180082,473.7920532,6,1
5,IN180093,387.0588989,6,1
4,IN190001,398.4278259,6,1
5,IN190001,527.402771,6,1
4,IN190002,239.8162384,6,1
5,IN190002,549.9716187,6,1
4,IN190003,525.0432129,6,1
5,IN190003,488.778656,6,1
5,IN190021,248.231308,6,1
4,IN190022,246.5968933,6,1
5,IN190022,385.9598694,6,1
5,IN190024,215.8121185,6,1
4,IN190027,196.0036621,6,1
5,IN190027,379.9613647,6,1
4,IN190031,748.6567993,6,1
5,IN190031,738.8201904,6,1
4,IN190047,293.7697449,6,1
5,IN190047,347.7777405,6,1
5,IN190057,412.9620667,6,1
4,IN190062,280.3774719,6,1
5,IN190062,441.4668579,6,1
4,IN190066,207.2041473,6,1
5,IN190066,528.1548462,6,1
4,IN190068,426.5289001,6,1
5,IN190068,437.218689,6,1
4,IN190074,332.1499023,6,1
5,IN190074,354.0591736,6,1
4,IN190075,325.9961853,6,1
4,IN190076,331.7830505,6,1
5,IN190076,383.3285217,6,1
4,IN190091,307.9084473,6,1
5,IN190091,350.0825806,6,1
5,IN190099,364.6280823,6,1
4,IN200002,592.6099854,6,1
5,IN200002,226.8973999,6,1
4,IN200017,622.2713623,6,1
5,IN200017,657.5585938,6,1
4,IN200020,438.6257324,6,1
5,IN200020,448.6919861,6,1
4,IN200027,480.247345,6,1
5,IN200027,222.9910583,6,1
4,IN200051,649.5769043,6,1
5,IN200051,754.9589844,6,1
4,IN200063,406.7935791,6,1
5,IN200063,405.911499,6,1
4,IN200077,361.3027344,6,1
5,IN200077,516.24646,6,1
4,IN200087,247.6113739,6,1
5,IN200087,533.8719482,6,1
4,IN200099,296.666626,6,1
5,IN200099,438.3829956,6,1
4,IN200105,237.1673431,6,1
5,IN200105,226.6569366,6,1
4,IN010034,417.3013611,7,1
5,IN010034,565.1046143,7,1
4,IN010063,619.6675415,7,1
5,IN010063,556.2321167,7,1
4,IN010090,573.762146,7,1
5,IN010090,583.8968506,7,1
5,IN010092,227.8166809,7,1
4,IN020003,397.8216553,7,1
5,IN020003,455.0524902,7,1
4,IN020018,338.1764526,7,1
5,IN020018,435.3651733,7,1
5,IN020055,451.1116333,7,1
4,IN030004,366.3162231,7,1
5,IN030004,534.4765015,7,1
4,IN030009,511.656189,7,1
5,IN030009,502.1928101,7,1
5,IN030020,481.6543274,7,1
4,IN030034,497.3206177,7,1
5,IN030034,560.5028076,7,1
4,IN030059,284.5844116,7,1
5,IN030059,393.9076843,7,1
4,IN030064,438.2633972,7,1
5,IN030064,493.8379822,7,1
4,IN030075,588.9215698,7,1
5,IN030075,793.4161987,7,1
5,IN040014,449.337677,7,1
4,IN040015,426.6007996,7,1
5,IN040015,414.9256287,7,1
4,IN040024,359.0957031,7,1
5,IN040024,471.9440918,7,1
4,IN040027,424.7012329,7,1
5,IN040027,367.4085999,7,1
4,IN040029,406.6749878,7,1
5,IN040029,449.5456848,7,1
4,IN040063,409.868042,7,1
5,IN040063,431.4902954,7,1
4,IN040078,540.756958,7,1
5,IN040078,557.317627,7,1
4,IN040080,634.7130127,7,1
4,IN040085,533.0441284,7,1
5,IN040085,482.321106,7,1
4,IN050047,441.3289185,7,1
5,IN050047,471.721405,7,1
4,IN050057,513.4312744,7,1
5,IN050057,576.8995361,7,1
4,IN050075,518.2978516,7,1
5,IN050075,592.3119507,7,1
4,IN050083,439.7660217,7,1
5,IN050083,419.5869141,7,1
4,IN060002,481.1765137,7,1
5,IN060002,508.0751038,7,1
4,IN060020,455.4468994,7,1
5,IN060020,514.9057617,7,1
4,IN060021,527.2979736,7,1
4,IN060026,520.940979,7,1
5,IN060026,528.9837036,7,1
5,IN060032,240.1456146,7,1
4,IN060033,449.6594543,7,1
4,IN060036,416.9881287,7,1
5,IN060036,483.9708252,7,1
4,IN060037,346.3309326,7,1
5,IN060037,427.8900452,7,1
4,IN060062,546.8514404,7,1
5,IN060062,622.9151001,7,1
4,IN060081,500.4836121,7,1
4,IN060086,493.8637695,7,1
5,IN060086,550.7052612,7,1
4,IN070006,421.9076843,7,1
5,IN070006,484.9611206,7,1
4,IN070035,417.3602295,7,1
5,IN070035,400.621582,7,1
4,IN070070,555.5686035,7,1
5,IN070070,587.2370605,7,1
4,IN070076,291.9662476,7,1
5,IN070076,542.3294067,7,1
4,IN070090,489.4955444,7,1
5,IN070090,614.2683105,7,1
4,IN080019,716.5143433,7,1
5,IN080019,714.1096802,7,1
4,IN080037,460.6663208,7,1
5,IN080037,453.0513306,7,1
4,IN080040,485.825531,7,1
5,IN080040,525.8911133,7,1
4,IN080058,327.6199646,7,1
5,IN080058,425.8523254,7,1
4,IN080068,520.9650269,7,1
5,IN080068,479.315033,7,1
4,IN090029,352.6832581,7,1
4,IN090063,528.1132813,7,1
5,IN090063,549.6658936,7,1
4,IN100058,498.5224304,7,1
5,IN100058,554.2164917,7,1
4,IN100060,400.9779053,7,1
5,IN100060,572.6205444,7,1
4,IN100091,270.7512817,7,1
4,IN110017,483.0728149,7,1
5,IN110017,514.2978516,7,1
4,IN110037,516.859436,7,1
5,IN110037,487.1651306,7,1
4,IN110047,573.2277222,7,1
5,IN110047,544.7780151,7,1
4,IN110050,439.3852539,7,1
5,IN110050,247.7466125,7,1
4,IN110085,641.7279053,7,1
5,IN110085,616.4099731,7,1
4,IN120018,544.2625122,7,1
5,IN120018,585.7028198,7,1
4,IN120039,531.8311157,7,1
4,IN120048,471.1983948,7,1
5,IN120048,621.5537109,7,1
4,IN120051,481.3387146,7,1
5,IN120051,605.576416,7,1
5,IN120084,258.5263062,7,1
4,IN120088,279.0361328,7,1
5,IN120088,235.3638306,7,1
4,IN120102,404.6524353,7,1
5,IN120102,487.4796143,7,1
5,IN130006,396.7607117,7,1
4,IN130009,371.665741,7,1
5,IN130009,367.7795715,7,1
4,IN130023,497.9475708,7,1
5,IN130023,343.2813721,7,1
4,IN130034,331.3254089,7,1
5,IN130034,252.0988159,7,1
4,IN130064,471.5310364,7,1
5,IN130064,535.2926025,7,1
4,IN130079,359.013916,7,1
5,IN130079,417.4371338,7,1
4,IN140065,503.5905457,7,1
5,IN140065,578.994812,7,1
4,IN150026,253.6981812,7,1
5,IN150026,428.9294434,7,1
4,IN150041,196.8740845,7,1
5,IN150041,538.4146729,7,1
4,IN150049,326.4964294,7,1
5,IN150049,261.3643188,7,1
4,IN150058,574.3708496,7,1
5,IN150058,357.0010071,7,1
4,IN150060,493.40802,7,1
5,IN150060,621.4910889,7,1
5,IN160002,239.1123657,7,1
4,IN170016,267.6164551,7,1
5,IN170016,488.3321533,7,1
4,IN170020,232.6385498,7,1
5,IN170020,402.3579712,7,1
4,IN170061,330.9932861,7,1
5,IN170061,451.2310791,7,1
4,IN170070,368.4924622,7,1
5,IN170070,398.3491821,7,1
4,IN170080,303.8342896,7,1
4,IN170082,295.4880676,7,1
5,IN170082,322.1523438,7,1
5,IN170094,359.9801636,7,1
4,IN180019,207.5084839,7,1
5,IN180019,331.4732056,7,1
4,IN180028,203.3065948,7,1
5,IN180028,424.4914551,7,1
5,IN180042,236.6538239,7,1
4,IN180046,454.3452759,7,1
5,IN180046,378.0993652,7,1
4,IN180077,529.3822632,7,1
5,IN180077,593.1798706,7,1
4,IN180086,359.7946777,7,1
4,IN180095,382.1695251,7,1
4,IN180099,550.0731812,7,1
5,IN180099,615.3930054,7,1
4,IN190008,205.052475,7,1
5,IN190008,435.9979553,7,1
4,IN190009,291.9624634,7,1
5,IN190009,541.0634155,7,1
4,IN190015,273.6268616,7,1
5,IN190015,438.8369446,7,1
4,IN190029,587.2796631,7,1
5,IN190029,534.1713867,7,1
4,IN190030,365.5462341,7,1
5,IN190030,391.7525024,7,1
4,IN190038,515.5195923,7,1
5,IN190038,524.6500244,7,1
4,IN190042,282.2698975,7,1
5,IN190042,399.6256714,7,1
4,IN190043,259.6647644,7,1
5,IN190043,215.9248352,7,1
4,IN190049,517.4284058,7,1
5,IN190049,221.4881439,7,1
4,IN190056,346.5205383,7,1
5,IN190056,378.1478271,7,1
4,IN190064,264.278717,7,1
5,IN190064,417.4423828,7,1
4,IN190079,430.2780457,7,1
4,IN190080,359.2926025,7,1
5,IN190080,486.7218933,7,1
4,IN190092,518.9830322,7,1
5,IN190092,412.2047119,7,1
4,IN190094,470.4871216,7,1
5,IN190094,467.2408142,7,1
5,IN190096,422.7402954,7,1
4,IN200061,444.4626465,7,1
5,IN200061,251.6604767,7,1
4,IN200081,413.4419861,7,1
5,IN200081,385.256134,7,1
4,IN010064,460.4430237,8,1
5,IN020011,451.5632324,8,1
5,IN020014,456.9958801,8,1
4,IN030010,704.8429565,8,1
4,IN030019,476.2254028,8,1
5,IN030019,579.8991089,8,1
4,IN030024,525.4070435,8,1
5,IN030024,496.3143921,8,1
4,IN030078,457.7973328,8,1
5,IN030078,507.6928711,8,1
4,IN040012,431.2662354,8,1
5,IN040012,386.647583,8,1
4,IN040031,359.5562134,8,1
5,IN040047,225.7489014,8,1
4,IN040075,441.2012939,8,1
5,IN040075,361.0144348,8,1
5,IN040100,413.3972778,8,1
4,IN050001,506.5035706,8,1
5,IN050001,555.6383667,8,1
4,IN050005,443.6318359,8,1
5,IN050005,500.4972839,8,1
4,IN050070,429.4328003,8,1
5,IN050070,491.102417,8,1
4,IN050098,509.1800232,8,1
5,IN050098,231.632843,8,1
4,IN060009,511.4249878,8,1
5,IN060009,505.3231506,8,1
4,IN060013,551.6325684,8,1
4,IN060031,492.0414734,8,1
5,IN060031,403.916748,8,1
4,IN060071,317.1062927,8,1
5,IN060071,478.8538818,8,1
4,IN060092,394.3347473,8,1
5,IN060092,325.4379883,8,1
4,IN070056,532.5860596,8,1
5,IN070056,575.2287598,8,1
4,IN070072,299.2817078,8,1
5,IN070072,321.440979,8,1
4,IN080006,621.0164185,8,1
5,IN080006,534.3474121,8,1
4,IN080031,494.773407,8,1
5,IN080031,470.1538696,8,1
5,IN090026,605.3146973,8,1
4,IN090031,205.1489105,8,1
5,IN090031,237.4503784,8,1
4,IN090083,360.9307861,8,1
4,IN090089,532.3468628,8,1
5,IN090089,644.7337036,8,1
4,IN100057,191.8029938,8,1
5,IN100057,318.406311,8,1
4,IN100073,453.3555908,8,1
5,IN100073,608.5822754,8,1
4,IN110004,286.6208496,8,1
5,IN110004,398.0790405,8,1
5,IN110007,229.4961853,8,1
4,IN110008,515.7064209,8,1
5,IN110008,604.8938599,8,1
4,IN110010,463.114563,8,1
5,IN110010,530.572937,8,1
4,IN110013,487.5830688,8,1
5,IN110013,544.9371948,8,1
4,IN110021,494.7139282,8,1
5,IN110021,529.6878052,8,1
4,IN110027,465.2958069,8,1
5,IN110027,433.2217712,8,1
4,IN110034,408.9605408,8,1
5,IN110034,512.4104004,8,1
4,IN110070,400.5403137,8,1
5,IN110070,408.8435669,8,1
4,IN110078,328.07547,8,1
5,IN110078,525.5201416,8,1
4,IN110089,457.2226257,8,1
5,IN110089,541.5221558,8,1
4,IN110104,385.1277771,8,1
4,IN120015,455.3995361,8,1
5,IN120015,308.8715515,8,1
4,IN120029,507.140686,8,1
5,IN120029,561.6668091,8,1
4,IN120033,432.9025269,8,1
5,IN120033,563.9373169,8,1
4,IN120034,463.4693909,8,1
4,IN120035,554.5961914,8,1
5,IN120035,580.6555176,8,1
4,IN120085,330.2348022,8,1
5,IN120085,366.1862183,8,1
4,IN120086,536.9429321,8,1
5,IN120086,597.0849609,8,1
4,IN120099,528.8687134,8,1
4,IN130024,324.4125061,8,1
5,IN130024,311.7008057,8,1
4,IN130025,467.6700439,8,1
5,IN130025,494.6732178,8,1
4,IN130039,417.1786194,8,1
5,IN130039,497.427063,8,1
4,IN140022,368.5997925,8,1
5,IN140022,450.5795898,8,1
4,IN140057,661.21698,8,1
5,IN140057,530.9640503,8,1
4,IN140078,376.8911438,8,1
5,IN140078,538.5386353,8,1
4,IN140097,346.4789734,8,1
5,IN140097,471.5945435,8,1
4,IN150001,438.9715576,8,1
5,IN150001,515.9336548,8,1
4,IN150006,406.4725647,8,1
5,IN150006,241.71492,8,1
4,IN150018,527.5280151,8,1
5,IN150018,580.9674072,8,1
5,IN150035,347.8231812,8,1
5,IN150055,374.0561523,8,1
4,IN150073,465.5506592,8,1
5,IN150073,469.0533447,8,1
4,IN160028,344.0230713,8,1
5,IN160028,328.1090393,8,1
4,IN160073,202.7454987,8,1
5,IN160073,424.8696899,8,1
5,IN160079,402.3906555,8,1
4,IN170003,413.3827515,8,1
5,IN170003,391.4966125,8,1
4,IN170010,362.4698792,8,1
5,IN170010,590.0475464,8,1
5,IN170015,265.9807739,8,1
4,IN170017,317.0562134,8,1
4,IN170042,472.1126709,8,1
5,IN170042,600.7846069,8,1
5,IN170044,430.8035889,8,1
4,IN170066,222.6842041,8,1
5,IN170066,290.053772,8,1
4,IN170068,186.4350739,8,1
5,IN170068,403.0038452,8,1
4,IN170075,316.9397278,8,1
5,IN170075,455.8579712,8,1
4,IN170091,193.9922333,8,1
5,IN170091,434.1639709,8,1
5,IN180010,370.6903381,8,1
4,IN180031,434.9488831,8,1
5,IN180031,408.4888611,8,1
4,IN180047,378.910553,8,1
5,IN180047,445.6271667,8,1
4,IN180083,243.0925903,8,1
5,IN180083,419.1742554,8,1
4,IN180085,355.3362732,8,1
5,IN180085,431.2965393,8,1
4,IN180096,342.4400024,8,1
5,IN180096,316.6917419,8,1
4,IN190023,558.5194092,8,1
5,IN190023,631.2450562,8,1
4,IN190025,306.4606323,8,1
5,IN190025,429.0892334,8,1
4,IN190039,288.7800598,8,1
5,IN190039,445.013031,8,1
4,IN190045,353.7764893,8,1
5,IN190045,401.6094971,8,1
4,IN190050,372.4207153,8,1
5,IN190050,448.9302368,8,1
4,IN190059,189.5072784,8,1
5,IN190059,392.8213196,8,1
4,IN190065,407.6848145,8,1
5,IN190065,500.2479248,8,1
4,IN190077,437.9632263,8,1
5,IN190077,565.4641724,8,1
4,IN190084,412.0686951,8,1
5,IN190084,481.8897705,8,1
4,IN190090,395.446167,8,1
5,IN190090,378.3471069,8,1
4,IN200015,312.3220215,8,1
5,IN200015,414.9787292,8,1
4,IN200056,490.6590576,8,1
5,IN200056,494.2472534,8,1
4,IN200075,619.5848999,8,1
5,IN200075,673.8201904,8,1
4,IN200078,428.2700195,8,1
5,IN200078,456.2880859,8,1
4,IN200080,496.960022,8,1
5,IN200080,671.2877808,8,1
4,IN200086,435.164032,8,1
4,IN200098,189.0138397,8,1
4,IN040089,347.7713623,99,1
4,IN040098,310.3506775,99,1
4,IN050078,504.6065063,99,1
4,IN060023,513.9115601,99,1
4,IN060094,341.8233032,99,1
4,IN060096,478.8320923,99,1
5,IN060096,449.4248047,99,1
4,IN070067,478.9992981,99,1
4,IN070078,247.3972015,99,1
4,IN080055,202.7692871,99,1
4,IN080085,534.9072266,99,1
4,IN090006,592.5098267,99,1
4,IN090012,407.9484558,99,1
4,IN090015,502.3356018,99,1
4,IN090032,182.7416534,99,1
4,IN090091,594.9420166,99,1
5,IN090091,627.7683105,99,1
5,IN100022,607.1657715,99,1
4,IN110087,375.3853455,99,1
5,IN140027,248.8650513,99,1
5,IN150093,236.8053894,99,1
5,IN160075,256.2518921,99,1
4,IN180039,279.4068604,99,1
4,IN200028,380.5532532,99,1
4,IN010086,372.0886841,9,1
5,IN010086,497.7628479,9,1
4,IN030018,451.8257751,9,1
5,IN030018,570.5724487,9,1
4,IN030045,449.3901367,9,1
4,IN030055,467.2989502,9,1
5,IN030055,612.760376,9,1
4,IN040016,417.4467773,9,1
5,IN040016,471.2557373,9,1
4,IN040091,374.0413513,9,1
5,IN040091,420.0485535,9,1
4,IN050010,496.4753418,9,1
4,IN050020,478.8031616,9,1
5,IN050020,564.4515991,9,1
4,IN050032,424.5928955,9,1
5,IN050032,256.3921509,9,1
4,IN050087,527.34552,9,1
4,IN060008,587.0466919,9,1
5,IN060008,469.8108215,9,1
4,IN060077,619.3068848,9,1
4,IN060091,315.1737976,9,1
5,IN060091,440.9489136,9,1
4,IN070001,508.2178955,9,1
5,IN070001,529.3654785,9,1
4,IN070065,403.618042,9,1
5,IN070065,539.6292725,9,1
5,IN090008,223.0887451,9,1
4,IN090064,431.236908,9,1
5,IN090064,214.4770203,9,1
4,IN100023,209.7365723,9,1
5,IN100023,290.7739258,9,1
5,IN110023,240.6866608,9,1
4,IN110039,237.6081848,9,1
5,IN110039,471.646759,9,1
4,IN110041,365.1994324,9,1
4,IN110042,279.1889343,9,1
4,IN120061,452.7465515,9,1
5,IN120061,469.0157776,9,1
4,IN120082,435.0941467,9,1
5,IN120082,427.2677002,9,1
4,IN130083,284.0571289,9,1
5,IN130083,481.5915527,9,1
4,IN150064,479.5389709,9,1
5,IN150064,471.8794556,9,1
4,IN160007,419.4936218,9,1
5,IN160007,397.0217285,9,1
4,IN160027,570.0028687,9,1
4,IN160051,346.3488464,9,1
5,IN160051,278.217041,9,1
4,IN170001,225.9618225,9,1
5,IN170001,239.3302917,9,1
5,IN170023,299.6499023,9,1
4,IN170024,429.5112,9,1
4,IN170027,507.2862244,9,1
5,IN170027,481.7268372,9,1
4,IN170055,427.1434631,9,1
5,IN170055,440.9639893,9,1
4,IN180011,288.3153992,9,1
5,IN180011,476.8149109,9,1
4,IN180034,326.3431091,9,1
5,IN180055,239.342804,9,1
4,IN180097,184.5138245,9,1
5,IN180097,386.5178223,9,1
4,IN180098,652.0140991,9,1
5,IN180098,506.6626282,9,1
4,IN190017,425.8390503,9,1
5,IN190017,487.5614014,9,1
4,IN190033,250.1412659,9,1
5,IN190033,428.902771,9,1
4,IN190035,320.0895996,9,1
5,IN190035,404.3502197,9,1
4,IN190036,646.2516479,9,1
5,IN190036,612.6689453,9,1
4,IN190037,377.2495728,9,1
5,IN190037,338.4997253,9,1
4,IN190063,603.9858398,9,1
5,IN190063,643.4625244,9,1
4,IN190097,411.2274475,9,1
5,IN190097,474.4498291,9,1
4,IN190100,423.4655762,9,1
5,IN190100,566.8502197,9,1
4,IN200036,376.9494934,9,1
5,IN200036,418.9519348,9,1
4,IN200072,440.527771,9,1
5,IN200072,437.3527832,9,1
4,IN200082,403.6548462,9,1
5,IN200082,443.8022156,9,1
